-- Adminer 4.7.1 MySQL dump

SET NAMES utf8;
SET time_zone = '+00:00';
SET foreign_key_checks = 0;
SET sql_mode = 'NO_AUTO_VALUE_ON_ZERO';

CREATE DATABASE leaf_users;
GRANT ALL PRIVILEGES ON leaf_users.* TO 'tester'@'%' IDENTIFIED BY 'tester';
USE leaf_users;

DROP TABLE IF EXISTS `cache`;
CREATE TABLE `cache` (
  `cacheID` varchar(40) NOT NULL,
  `data` mediumtext NOT NULL,
  `cacheTime` int(10) unsigned NOT NULL,
  PRIMARY KEY (`cacheID`)
) ENGINE=InnoDB DEFAULT CHARSET=utf8;

INSERT INTO `cache` (`cacheID`, `data`, `cacheTime`) VALUES
('jsonExport_PDL.php',	'[{\"positionID\":2,\"positionTitle\":\"Chief of Staff\",\"employee\":\"Hill, Celeste\",\"employeeUserName\":\"VHAMORHILLC\",\"employeeUID\":5,\"supervisor\":\"\",\"service\":\"\",\"payPlan\":\"\",\"series\":\"\",\"payGrade\":\"\",\"fteCeiling\":\"0\",\"currentFte\":\"0\",\"pdNumber\":\"Leaf #123\",\"hrSmartPosition\":\"\",\"employeeEmail\":\"Celeste.Hill2@va.gov\"},{\"positionID\":3,\"positionTitle\":\"Chief of Everything\",\"employee\":\"Henderson, Blake\",\"employeeUserName\":\"vhacohendeb\",\"employeeUID\":4,\"supervisor\":\"\",\"service\":\"Office of Everything\",\"payPlan\":\"\",\"series\":\"\",\"payGrade\":\"\",\"fteCeiling\":\"0\",\"currentFte\":\"0\",\"pdNumber\":\"\",\"hrSmartPosition\":\"\",\"employeeEmail\":\"Blake.Henderson@va.gov\"},{\"positionID\":5,\"positionTitle\":\"Associate Director\",\"employee\":\"Hall, Susan\",\"employeeUserName\":\"VHAPREHALLS\",\"employeeUID\":39,\"supervisor\":\"\",\"service\":\"\",\"payPlan\":\"\",\"series\":\"\",\"payGrade\":\"\",\"fteCeiling\":\"0\",\"currentFte\":\"0\",\"pdNumber\":\"\",\"hrSmartPosition\":\"\",\"employeeEmail\":\"Susan.Hall5@va.gov\"},{\"positionID\":6,\"positionTitle\":\"Human Resources Officer\",\"employee\":\"Makle, Crystal\",\"employeeUserName\":\"vacomaklec\",\"employeeUID\":56,\"supervisor\":\"Hall, Susan\",\"service\":\"\",\"payPlan\":\"\",\"series\":\"\",\"payGrade\":\"\",\"fteCeiling\":\"0\",\"currentFte\":\"0\",\"pdNumber\":\"\",\"hrSmartPosition\":\"\",\"employeeEmail\":\"Crystal.Makle@va.gov\"},{\"positionID\":7,\"positionTitle\":\"Chief, Medical Records\",\"employee\":\"Robinson, Susan\",\"employeeUserName\":\"VHATOGROBINS\",\"employeeUID\":67,\"supervisor\":\"Hall, Susan\",\"service\":\"\",\"payPlan\":\"\",\"series\":\"\",\"payGrade\":\"\",\"fteCeiling\":\"0\",\"currentFte\":\"0\",\"pdNumber\":\"\",\"hrSmartPosition\":\"\",\"employeeEmail\":\"Susan.Robinson1@va.gov\"},{\"positionID\":9,\"positionTitle\":\"Chief, Acute Care\",\"employee\":\"Hill, James\",\"employeeUserName\":\"VHAAUGHillJ5\",\"employeeUID\":70,\"supervisor\":\"\",\"service\":\"Office of the Associate Director of Patient Services\",\"payPlan\":\"\",\"series\":\"\",\"payGrade\":\"\",\"fteCeiling\":\"0\",\"currentFte\":\"0\",\"pdNumber\":\"\",\"hrSmartPosition\":\"\",\"employeeEmail\":\"James.Hill5@va.gov\"},{\"positionID\":10,\"positionTitle\":\"Chief, GEC\",\"employee\":\"Schieffert, Kathryn\",\"employeeUserName\":\"VHASTCSchieK\",\"employeeUID\":71,\"supervisor\":\"\",\"service\":\"Office of the Associate Director of Patient Services\",\"payPlan\":\"\",\"series\":\"\",\"payGrade\":\"\",\"fteCeiling\":\"0\",\"currentFte\":\"0\",\"pdNumber\":\"\",\"hrSmartPosition\":\"\",\"employeeEmail\":\"Kathryn.Schieffert@va.gov\"},{\"positionID\":11,\"positionTitle\":\"LEAF Coaches\",\"employee\":\"Henderson, Blake\",\"employeeUserName\":\"vhacohendeb\",\"employeeUID\":4,\"supervisor\":\"Henderson, Blake\",\"service\":\"Office of Everything\",\"payPlan\":\"\",\"series\":\"\",\"payGrade\":\"\",\"fteCeiling\":\"0\",\"currentFte\":\"0\",\"pdNumber\":\"\",\"hrSmartPosition\":\"\",\"employeeEmail\":\"Blake.Henderson@va.gov\"},{\"positionID\":12,\"positionTitle\":\"Assistant Director\",\"employee\":\"Brown, Kristi\",\"employeeUserName\":\"VHATOGBROWNK1\",\"employeeUID\":77,\"supervisor\":\"\",\"service\":\"\",\"payPlan\":\"\",\"series\":\"\",\"payGrade\":\"\",\"fteCeiling\":\"0\",\"currentFte\":\"0\",\"pdNumber\":\"\",\"hrSmartPosition\":\"\",\"employeeEmail\":\"Kristi.Brown@va.gov\"},{\"positionID\":14,\"positionTitle\":\"Chief, Ground Services\",\"employee\":\"Wagner, Scott\",\"employeeUserName\":\"VHACOSWAGNES3\",\"employeeUID\":99,\"supervisor\":\"Brown, Kristi\",\"service\":\"\",\"payPlan\":\"\",\"series\":\"\",\"payGrade\":\"\",\"fteCeiling\":\"0\",\"currentFte\":\"0\",\"pdNumber\":\"\",\"hrSmartPosition\":\"\",\"employeeEmail\":\"Scott.Wagner@va.gov\"},{\"positionID\":15,\"positionTitle\":\"test\",\"employee\":\"Test, Ecar\",\"employeeUserName\":\"VHABRXTEST\",\"employeeUID\":27,\"supervisor\":\"Henderson, Blake\",\"service\":\"Office of Everything\",\"payPlan\":\"\",\"series\":\"\",\"payGrade\":\"\",\"fteCeiling\":\"0\",\"currentFte\":\"0\",\"pdNumber\":\"\",\"hrSmartPosition\":\"\",\"employeeEmail\":\"Ecar.Test@va.gov\"},{\"positionID\":17,\"positionTitle\":\"HSS\",\"employee\":\"Boyd, Cortecia\",\"employeeUserName\":\"VACOBoydC\",\"employeeUID\":91,\"supervisor\":\"\",\"service\":\"\",\"payPlan\":\"\",\"series\":\"\",\"payGrade\":\"\",\"fteCeiling\":\"0\",\"currentFte\":\"0\",\"pdNumber\":\"\",\"hrSmartPosition\":\"\",\"employeeEmail\":\"Cortecia.Boyd@va.gov\"},{\"positionID\":21,\"positionTitle\":\"Chief, Supply Chain Management\",\"employee\":\"Hall, Susan\",\"employeeUserName\":\"VHAPREHALLS\",\"employeeUID\":39,\"supervisor\":\"\",\"service\":\"\",\"payPlan\":\"GS\",\"series\":\"0343\",\"payGrade\":\"12\",\"fteCeiling\":\"0\",\"currentFte\":\"0\",\"pdNumber\":\"\",\"hrSmartPosition\":\"\",\"employeeEmail\":\"Susan.Hall5@va.gov\"},{\"positionID\":22,\"positionTitle\":\"HRO, Human Resources\",\"employee\":\"White, David\",\"employeeUserName\":\"VHATVHWHITED4\",\"employeeUID\":97,\"supervisor\":\"\",\"service\":\"\",\"payPlan\":\"\",\"series\":\"\",\"payGrade\":\"\",\"fteCeiling\":\"0\",\"currentFte\":\"0\",\"pdNumber\":\"\",\"hrSmartPosition\":\"\",\"employeeEmail\":\"DavidE.White@va.gov\"},{\"positionID\":23,\"positionTitle\":\"HR Specialist\",\"employee\":\"Andrews, Corey\",\"employeeUserName\":\"vhagrjandrec\",\"employeeUID\":98,\"supervisor\":\"White, David\",\"service\":\"HR\",\"payPlan\":\"GS\",\"series\":\"0302\",\"payGrade\":\"\",\"fteCeiling\":\"0\",\"currentFte\":\"0\",\"pdNumber\":\"\",\"hrSmartPosition\":\"\",\"employeeEmail\":\"Corey.Andrews@va.gov\"},{\"positionID\":24,\"positionTitle\":\"Professional Animal Lover\",\"employee\":\"Bowles, Ginger\",\"employeeUserName\":\"VHAMACBOWLEG\",\"employeeUID\":42,\"supervisor\":\"\",\"service\":\"Office of Animal rescue squad\",\"payPlan\":\"\",\"series\":\"\",\"payGrade\":\"\",\"fteCeiling\":\"0\",\"currentFte\":\"0\",\"pdNumber\":\"\",\"hrSmartPosition\":\"\",\"employeeEmail\":\"Ginger.Bowles@va.gov\"},{\"positionID\":25,\"positionTitle\":\"Animal Banker (1.85 FTE)\",\"employee\":\"Hays, Michael\",\"employeeUserName\":\"VHAMACHAYSMJ\",\"employeeUID\":108,\"supervisor\":\"Bowles, Ginger\",\"service\":\"Office of Animal rescue squad\",\"payPlan\":\"\",\"series\":\"\",\"payGrade\":\"\",\"fteCeiling\":\"0\",\"currentFte\":\"0\",\"pdNumber\":\"\",\"hrSmartPosition\":\"\",\"employeeEmail\":\"Michael.HaysJr@va.gov\"},{\"positionID\":26,\"positionTitle\":\"Money Bags\",\"employee\":\"\",\"employeeUserName\":\"\",\"employeeUID\":\"\",\"supervisor\":\"Hays, Michael\",\"service\":\"Bankroll for animals\",\"payPlan\":\"GS\",\"series\":\"343\",\"payGrade\":\"13\",\"fteCeiling\":\"0.85\",\"currentFte\":\"0\",\"pdNumber\":\"LEAF 1234 VACANT\",\"hrSmartPosition\":\"\",\"employeeEmail\":\"\"},{\"positionID\":27,\"positionTitle\":\"Poor House\",\"employee\":\"Miles, Anetrya\",\"employeeUserName\":\"VHAMACMILESA\",\"employeeUID\":109,\"supervisor\":\"Hays, Michael\",\"service\":\"Bankroll for animals\",\"payPlan\":\"GS\",\"series\":\"343\",\"payGrade\":\"09\",\"fteCeiling\":\"1\",\"currentFte\":\"1\",\"pdNumber\":\"\",\"hrSmartPosition\":\"\",\"employeeEmail\":\"Anetrya.Miles@va.gov\"},{\"positionID\":28,\"positionTitle\":\"Chief of Staff\",\"employee\":\"Sierra, Nelson\",\"employeeUserName\":\"VHASFCSIERRN\",\"employeeUID\":117,\"supervisor\":\"\",\"service\":\"Office of the Chief of Staff\",\"payPlan\":\"\",\"series\":\"\",\"payGrade\":\"\",\"fteCeiling\":\"0\",\"currentFte\":\"0\",\"pdNumber\":\"\",\"hrSmartPosition\":\"\",\"employeeEmail\":\"Nelson.Sierra@va.gov\"},{\"positionID\":29,\"positionTitle\":\"Chief, Logistics\",\"employee\":\"Makle, Crystal\",\"employeeUserName\":\"vacomaklec\",\"employeeUID\":56,\"supervisor\":\"\",\"service\":\"\",\"payPlan\":\"\",\"series\":\"\",\"payGrade\":\"\",\"fteCeiling\":\"0\",\"currentFte\":\"0\",\"pdNumber\":\"\",\"hrSmartPosition\":\"\",\"employeeEmail\":\"Crystal.Makle@va.gov\"},{\"positionID\":30,\"positionTitle\":\"Nurse, GEC\",\"employee\":\"Gao, Michael\",\"employeeUserName\":\"vhawasgaom1\",\"employeeUID\":1,\"supervisor\":\"Schieffert, Kathryn\",\"service\":\"Office of GEC\",\"payPlan\":\"RN\",\"series\":\"210\",\"payGrade\":\"3\",\"fteCeiling\":\"1\",\"currentFte\":\"0.5\",\"pdNumber\":\"\",\"hrSmartPosition\":\"\",\"employeeEmail\":\"Michael.Gao@va.gov\"},{\"positionID\":31,\"positionTitle\":\"Deputy COS\",\"employee\":\"Hall, Susan\",\"employeeUserName\":\"VHAPREHALLS\",\"employeeUID\":39,\"supervisor\":\"Sierra, Nelson\",\"service\":\"Office of the Chief of Staff\",\"payPlan\":\"\",\"series\":\"\",\"payGrade\":\"\",\"fteCeiling\":\"0\",\"currentFte\":\"0\",\"pdNumber\":\"\",\"hrSmartPosition\":\"\",\"employeeEmail\":\"Susan.Hall5@va.gov\"},{\"positionID\":32,\"positionTitle\":\"Chief, Surgical Services\",\"employee\":\"Hall, Susan\",\"employeeUserName\":\"VHAPREHALLS\",\"employeeUID\":39,\"supervisor\":\"Hall, Susan\",\"service\":\"Office of the Chief of Staff\",\"payPlan\":\"\",\"series\":\"\",\"payGrade\":\"\",\"fteCeiling\":\"0\",\"currentFte\":\"0\",\"pdNumber\":\"\",\"hrSmartPosition\":\"\",\"employeeEmail\":\"Susan.Hall5@va.gov\"},{\"positionID\":34,\"positionTitle\":\"Coffeee Person\",\"employee\":\"Berry, Stacey\",\"employeeUserName\":\"VHAASHBerryS1\",\"employeeUID\":129,\"supervisor\":\"\",\"service\":\"Office of Accountability\",\"payPlan\":\"GS\",\"series\":\"303\",\"payGrade\":\"17\",\"fteCeiling\":\"0\",\"currentFte\":\"0\",\"pdNumber\":\"\",\"hrSmartPosition\":\"\",\"employeeEmail\":\"Stacey.Berry@va.gov\"},{\"positionID\":35,\"positionTitle\":\"Associate Director\",\"employee\":\"Gladney, Rebecca\",\"employeeUserName\":\"VHAAMAGladnR\",\"employeeUID\":132,\"supervisor\":\"\",\"service\":\"Office of the Associate Director\",\"payPlan\":\"\",\"series\":\"\",\"payGrade\":\"\",\"fteCeiling\":\"0\",\"currentFte\":\"0\",\"pdNumber\":\"\",\"hrSmartPosition\":\"\",\"employeeEmail\":\"Rebecca.Gladney@va.gov\"},{\"positionID\":37,\"positionTitle\":\"Chief, Dog Sitters\",\"employee\":\"Makle, Crystal\",\"employeeUserName\":\"vacomaklec\",\"employeeUID\":56,\"supervisor\":\"Gladney, Rebecca\",\"service\":\"Office of the Associate Director\",\"payPlan\":\"\",\"series\":\"\",\"payGrade\":\"\",\"fteCeiling\":\"0\",\"currentFte\":\"0\",\"pdNumber\":\"\",\"hrSmartPosition\":\"\",\"employeeEmail\":\"Crystal.Makle@va.gov\"},{\"positionID\":40,\"positionTitle\":\"Dog Sitter West Region\",\"employee\":\"Henderson, Blake\",\"employeeUserName\":\"vhacohendeb\",\"employeeUID\":4,\"supervisor\":\"Makle, Crystal\",\"service\":\"Dog Sitters\",\"payPlan\":\"\",\"series\":\"\",\"payGrade\":\"\",\"fteCeiling\":\"0\",\"currentFte\":\"0\",\"pdNumber\":\"\",\"hrSmartPosition\":\"\",\"employeeEmail\":\"Blake.Henderson@va.gov\"},{\"positionID\":41,\"positionTitle\":\"Meme writer\",\"employee\":\"Miles, Anetrya\",\"employeeUserName\":\"VHAMACMILESA\",\"employeeUID\":109,\"supervisor\":\"Bowles, Ginger\",\"service\":\"Office of Animal rescue squad\",\"payPlan\":\"\",\"series\":\"\",\"payGrade\":\"\",\"fteCeiling\":\"0\",\"currentFte\":\"0\",\"pdNumber\":\"\",\"hrSmartPosition\":\"\",\"employeeEmail\":\"Anetrya.Miles@va.gov\"},{\"positionID\":42,\"positionTitle\":\"All things wonderful\",\"employee\":\"Fox, Kenneth\",\"employeeUserName\":\"VHAMACFOXK\",\"employeeUID\":168,\"supervisor\":\"Henderson, Blake\",\"service\":\"Office of Everything\",\"payPlan\":\"GS\",\"series\":\"341\",\"payGrade\":\"13\",\"fteCeiling\":\"0.85\",\"currentFte\":\"0.85\",\"pdNumber\":\"\",\"hrSmartPosition\":\"[protected data]\",\"employeeEmail\":\"Kenneth.Fox@va.gov\"},{\"positionID\":45,\"positionTitle\":\"Assistant #2\",\"employee\":\"Kruis, Jesse\",\"employeeUserName\":\"VHABOIKruisJ\",\"employeeUID\":185,\"supervisor\":\"\",\"service\":\"Coffee Getters\",\"payPlan\":\"\",\"series\":\"\",\"payGrade\":\"\",\"fteCeiling\":\"0\",\"currentFte\":\"0\",\"pdNumber\":\"\",\"hrSmartPosition\":\"\",\"employeeEmail\":\"Jesse.Kruis@va.gov\"}]',	1594240718),
('lastModified',	'1607112686',	1607112686);

DROP TABLE IF EXISTS `categories`;
CREATE TABLE `categories` (
  `categoryID` enum('employee','position','group') NOT NULL,
  `parentID` varchar(50) NOT NULL,
  `dataTable` varchar(20) NOT NULL,
  `categoryName` varchar(50) NOT NULL,
  `categoryDescription` varchar(255) NOT NULL,
  `sort` tinyint(3) unsigned NOT NULL DEFAULT '0',
  `disabled` tinyint(4) NOT NULL DEFAULT '0',
  KEY `parentID` (`parentID`)
) ENGINE=InnoDB DEFAULT CHARSET=utf8;

INSERT INTO `categories` (`categoryID`, `parentID`, `dataTable`, `categoryName`, `categoryDescription`, `sort`, `disabled`) VALUES
('employee',	'',	'employee_data',	'Employee',	'',	0,	0),
('position',	'',	'position_data',	'Position',	'',	0,	0),
('group',	'',	'group_data',	'Group',	'',	0,	0);

DROP TABLE IF EXISTS `data_action_log`;
CREATE TABLE `data_action_log` (
  `empUID` varchar(36) DEFAULT NULL,
  `id` int(11) NOT NULL AUTO_INCREMENT,
  `action` varchar(45) DEFAULT NULL,
  `userID` int(11) DEFAULT NULL,
  `timestamp` datetime DEFAULT NULL,
  `userDisplay` varchar(255) DEFAULT NULL,
  PRIMARY KEY (`id`)
) ENGINE=InnoDB DEFAULT CHARSET=utf8;

INSERT INTO `data_action_log` (`empUID`, `id`, `action`, `userID`, `timestamp`, `userDisplay`) VALUES
(NULL,	1,	'add-group',	1,	'2020-05-29 15:01:15',	'Michael Gao'),
(NULL,	2,	'modify-privileges',	1,	'2020-05-29 15:01:15',	'Michael Gao'),
(NULL,	3,	'modify-privileges',	1,	'2020-05-29 15:01:15',	'Michael Gao'),
(NULL,	4,	'modify-privileges',	1,	'2020-05-29 15:01:15',	'Michael Gao'),
(NULL,	5,	'modify-privileges',	1,	'2020-05-29 15:01:15',	'Michael Gao'),
(NULL,	6,	'modify-privileges',	1,	'2020-05-29 15:01:15',	'Michael Gao'),
(NULL,	7,	'modify-privileges',	1,	'2020-05-29 15:01:15',	'Michael Gao'),
(NULL,	8,	'add-tag',	1,	'2020-05-29 15:01:15',	'Michael Gao'),
(NULL,	9,	'add-employee',	1,	'2020-05-29 15:01:38',	'Michael Gao'),
(NULL,	10,	'add-group',	1,	'2020-09-08 18:19:49',	'Michael Gao'),
(NULL,	11,	'modify-privileges',	1,	'2020-09-08 18:19:49',	'Michael Gao'),
(NULL,	12,	'modify-privileges',	1,	'2020-09-08 18:19:49',	'Michael Gao'),
(NULL,	13,	'modify-privileges',	1,	'2020-09-08 18:19:49',	'Michael Gao'),
(NULL,	14,	'modify-privileges',	1,	'2020-09-08 18:19:49',	'Michael Gao'),
(NULL,	15,	'modify-privileges',	1,	'2020-09-08 18:19:49',	'Michael Gao'),
(NULL,	16,	'modify-privileges',	1,	'2020-09-08 18:19:49',	'Michael Gao'),
(NULL,	17,	'add-tag',	1,	'2020-09-08 18:19:50',	'Michael Gao'),
(NULL,	18,	'add-group',	221,	'2020-09-18 16:57:50',	'Jyothi Telluri'),
(NULL,	19,	'modify-privileges',	221,	'2020-09-18 16:57:50',	'Jyothi Telluri'),
(NULL,	20,	'modify-privileges',	221,	'2020-09-18 16:57:51',	'Jyothi Telluri'),
(NULL,	21,	'modify-privileges',	221,	'2020-09-18 16:57:51',	'Jyothi Telluri'),
(NULL,	22,	'modify-privileges',	221,	'2020-09-18 16:57:51',	'Jyothi Telluri'),
(NULL,	23,	'modify-privileges',	221,	'2020-09-18 16:57:51',	'Jyothi Telluri'),
(NULL,	24,	'add-tag',	221,	'2020-09-18 16:57:51',	'Jyothi Telluri'),
(NULL,	25,	'add-employee',	166,	'2020-10-14 22:02:53',	'Dastan Rahimi'),
(NULL,	26,	'delete-group',	166,	'2020-10-14 22:03:00',	'Dastan Rahimi'),
(NULL,	27,	'add-group',	222,	'2020-10-14 22:37:13',	'Vittoria Merry'),
(NULL,	28,	'modify-privileges',	222,	'2020-10-14 22:37:13',	'Vittoria Merry'),
(NULL,	29,	'modify-privileges',	222,	'2020-10-14 22:37:13',	'Vittoria Merry'),
(NULL,	30,	'modify-privileges',	222,	'2020-10-14 22:37:13',	'Vittoria Merry'),
(NULL,	31,	'modify-privileges',	222,	'2020-10-14 22:37:13',	'Vittoria Merry'),
(NULL,	32,	'modify-privileges',	222,	'2020-10-14 22:37:13',	'Vittoria Merry'),
(NULL,	33,	'add-tag',	222,	'2020-10-14 22:37:13',	'Vittoria Merry'),
(NULL,	34,	'add-employee',	222,	'2020-10-14 22:37:40',	'Vittoria Merry'),
(NULL,	35,	'add-employee',	222,	'2020-10-14 22:40:20',	'Vittoria Merry'),
(NULL,	36,	'modify-group',	222,	'2020-10-14 22:41:06',	'Vittoria Merry'),
(NULL,	37,	'add-group',	222,	'2020-10-14 22:47:40',	'Vittoria Merry'),
(NULL,	38,	'modify-privileges',	222,	'2020-10-14 22:47:40',	'Vittoria Merry'),
(NULL,	39,	'modify-privileges',	222,	'2020-10-14 22:47:40',	'Vittoria Merry'),
(NULL,	40,	'modify-privileges',	222,	'2020-10-14 22:47:40',	'Vittoria Merry'),
(NULL,	41,	'modify-privileges',	222,	'2020-10-14 22:47:40',	'Vittoria Merry'),
(NULL,	42,	'modify-privileges',	222,	'2020-10-14 22:47:40',	'Vittoria Merry'),
(NULL,	43,	'add-tag',	222,	'2020-10-14 22:47:40',	'Vittoria Merry'),
(NULL,	44,	'add-employee',	222,	'2020-10-14 22:48:12',	'Vittoria Merry'),
(NULL,	45,	'delete-group',	222,	'2020-10-14 22:48:38',	'Vittoria Merry'),
(NULL,	46,	'delete-group',	222,	'2020-10-14 22:50:23',	'Vittoria Merry'),
(NULL,	47,	'add-tag',	166,	'2020-10-16 15:45:03',	'Dastan Rahimi'),
(NULL,	48,	'add-group',	221,	'2020-11-03 19:42:54',	'Jyothi Telluri'),
(NULL,	49,	'modify-privileges',	221,	'2020-11-03 19:42:54',	'Jyothi Telluri'),
(NULL,	50,	'modify-privileges',	221,	'2020-11-03 19:42:54',	'Jyothi Telluri'),
(NULL,	51,	'modify-privileges',	221,	'2020-11-03 19:42:54',	'Jyothi Telluri'),
(NULL,	52,	'modify-privileges',	221,	'2020-11-03 19:42:54',	'Jyothi Telluri'),
(NULL,	53,	'modify-privileges',	221,	'2020-11-03 19:42:54',	'Jyothi Telluri'),
(NULL,	54,	'add-tag',	221,	'2020-11-03 19:42:54',	'Jyothi Telluri'),
(NULL,	55,	'add-group',	222,	'2020-11-12 19:38:08',	'Vittoria Merry'),
(NULL,	56,	'modify-privileges',	222,	'2020-11-12 19:38:08',	'Vittoria Merry'),
(NULL,	57,	'modify-privileges',	222,	'2020-11-12 19:38:08',	'Vittoria Merry'),
(NULL,	58,	'modify-privileges',	222,	'2020-11-12 19:38:08',	'Vittoria Merry'),
(NULL,	59,	'modify-privileges',	222,	'2020-11-12 19:38:08',	'Vittoria Merry'),
(NULL,	60,	'modify-privileges',	222,	'2020-11-12 19:38:08',	'Vittoria Merry'),
(NULL,	61,	'add-tag',	222,	'2020-11-12 19:38:08',	'Vittoria Merry'),
(NULL,	62,	'add-employee',	222,	'2020-11-12 19:38:39',	'Vittoria Merry'),
(NULL,	63,	'add-employee',	222,	'2020-11-13 17:37:49',	'Vittoria Merry'),
(NULL,	64,	'delete-employee',	222,	'2020-11-13 17:37:54',	'Vittoria Merry'),
(NULL,	65,	'add-group',	221,	'2020-12-04 20:09:18',	'Jyothi Telluri'),
(NULL,	66,	'modify-privileges',	221,	'2020-12-04 20:09:18',	'Jyothi Telluri'),
(NULL,	67,	'modify-privileges',	221,	'2020-12-04 20:09:18',	'Jyothi Telluri'),
(NULL,	68,	'modify-privileges',	221,	'2020-12-04 20:09:18',	'Jyothi Telluri'),
(NULL,	69,	'modify-privileges',	221,	'2020-12-04 20:09:18',	'Jyothi Telluri'),
(NULL,	70,	'modify-privileges',	221,	'2020-12-04 20:09:18',	'Jyothi Telluri'),
(NULL,	71,	'add-tag',	221,	'2020-12-04 20:09:18',	'Jyothi Telluri'),
(NULL,	72,	'add-employee',	221,	'2020-12-04 20:10:46',	'Jyothi Telluri'),
(NULL,	73,	'add-tag',	221,	'2020-12-04 20:11:26',	'Jyothi Telluri');

DROP TABLE IF EXISTS `data_log_items`;
CREATE TABLE `data_log_items` (
  `data_action_log_fk` int(11) NOT NULL,
  `tableName` varchar(75) NOT NULL,
  `column` varchar(75) NOT NULL,
  `value` text NOT NULL,
  `displayValue` varchar(256) DEFAULT NULL,
  PRIMARY KEY (`data_action_log_fk`,`tableName`,`column`)
) ENGINE=InnoDB DEFAULT CHARSET=utf8;

INSERT INTO `data_log_items` (`data_action_log_fk`, `tableName`, `column`, `value`, `displayValue`) VALUES
(1,	'groups',	'groupID',	'113',	NULL),
(1,	'groups',	'groupTitle',	'Request Acceptor',	NULL),
(1,	'groups',	'parentID',	'0',	NULL),
(2,	'group_privileges',	'grant',	'true',	NULL),
(2,	'group_privileges',	'groupID',	'113',	'Request Acceptor'),
(2,	'group_privileges',	'read',	'true',	NULL),
(2,	'group_privileges',	'UID',	'4',	'Chief Biomed for the VISN'),
(2,	'group_privileges',	'write',	'true',	NULL),
(3,	'group_privileges',	'grant',	'true',	NULL),
(3,	'group_privileges',	'groupID',	'113',	'Request Acceptor'),
(3,	'group_privileges',	'read',	'true',	NULL),
(3,	'group_privileges',	'UID',	'30',	'Nurse, GEC'),
(3,	'group_privileges',	'write',	'true',	NULL),
(4,	'group_privileges',	'categoryID',	'group',	NULL),
(4,	'group_privileges',	'grant',	'false',	NULL),
(4,	'group_privileges',	'groupID',	'113',	'Request Acceptor'),
(4,	'group_privileges',	'read',	'true',	NULL),
(4,	'group_privileges',	'UID',	'1',	'System Administrators'),
(4,	'group_privileges',	'write',	'false',	NULL),
(5,	'group_privileges',	'categoryID',	'group',	NULL),
(5,	'group_privileges',	'grant',	'false',	NULL),
(5,	'group_privileges',	'groupID',	'113',	'Request Acceptor'),
(5,	'group_privileges',	'read',	'true',	NULL),
(5,	'group_privileges',	'UID',	'1',	'System Administrators'),
(5,	'group_privileges',	'write',	'true',	NULL),
(6,	'group_privileges',	'categoryID',	'group',	NULL),
(6,	'group_privileges',	'grant',	'true',	NULL),
(6,	'group_privileges',	'groupID',	'113',	'Request Acceptor'),
(6,	'group_privileges',	'read',	'true',	NULL),
(6,	'group_privileges',	'UID',	'1',	'System Administrators'),
(6,	'group_privileges',	'write',	'true',	NULL),
(7,	'group_privileges',	'categoryID',	'group',	NULL),
(7,	'group_privileges',	'grant',	'false',	NULL),
(7,	'group_privileges',	'groupID',	'113',	'Request Acceptor'),
(7,	'group_privileges',	'read',	'true',	NULL),
(7,	'group_privileges',	'UID',	'2',	'Everyone'),
(7,	'group_privileges',	'write',	'false',	NULL),
(8,	'group_tags',	'groupID',	'113',	NULL),
(8,	'group_tags',	'tag',	'Academy_Demo1',	NULL),
(9,	'relation_group_employee',	'empUID',	'223',	'David Carter'),
(9,	'relation_group_employee',	'groupID',	'113',	'Request Acceptor'),
(10,	'groups',	'groupID',	'114',	NULL),
(10,	'groups',	'groupTitle',	'Test9/8',	NULL),
(10,	'groups',	'parentID',	'0',	NULL),
(11,	'group_privileges',	'grant',	'true',	NULL),
(11,	'group_privileges',	'groupID',	'114',	'Test9/8'),
(11,	'group_privileges',	'read',	'true',	NULL),
(11,	'group_privileges',	'UID',	'4',	'Chief Biomed for the VISN'),
(11,	'group_privileges',	'write',	'true',	NULL),
(12,	'group_privileges',	'grant',	'true',	NULL),
(12,	'group_privileges',	'groupID',	'114',	'Test9/8'),
(12,	'group_privileges',	'read',	'true',	NULL),
(12,	'group_privileges',	'UID',	'30',	'Nurse, GEC'),
(12,	'group_privileges',	'write',	'true',	NULL),
(13,	'group_privileges',	'categoryID',	'group',	NULL),
(13,	'group_privileges',	'grant',	'false',	NULL),
(13,	'group_privileges',	'groupID',	'114',	'Test9/8'),
(13,	'group_privileges',	'read',	'true',	NULL),
(13,	'group_privileges',	'UID',	'1',	'System Administrators'),
(13,	'group_privileges',	'write',	'false',	NULL),
(14,	'group_privileges',	'categoryID',	'group',	NULL),
(14,	'group_privileges',	'grant',	'false',	NULL),
(14,	'group_privileges',	'groupID',	'114',	'Test9/8'),
(14,	'group_privileges',	'read',	'true',	NULL),
(14,	'group_privileges',	'UID',	'1',	'System Administrators'),
(14,	'group_privileges',	'write',	'true',	NULL),
(15,	'group_privileges',	'categoryID',	'group',	NULL),
(15,	'group_privileges',	'grant',	'true',	NULL),
(15,	'group_privileges',	'groupID',	'114',	'Test9/8'),
(15,	'group_privileges',	'read',	'true',	NULL),
(15,	'group_privileges',	'UID',	'1',	'System Administrators'),
(15,	'group_privileges',	'write',	'true',	NULL),
(16,	'group_privileges',	'categoryID',	'group',	NULL),
(16,	'group_privileges',	'grant',	'false',	NULL),
(16,	'group_privileges',	'groupID',	'114',	'Test9/8'),
(16,	'group_privileges',	'read',	'true',	NULL),
(16,	'group_privileges',	'UID',	'2',	'Everyone'),
(16,	'group_privileges',	'write',	'false',	NULL),
(17,	'group_tags',	'groupID',	'114',	NULL),
(17,	'group_tags',	'tag',	'Academy_Demo1',	NULL),
(18,	'groups',	'groupID',	'115',	NULL),
(18,	'groups',	'groupTitle',	'DEPT',	NULL),
(18,	'groups',	'parentID',	'0',	NULL),
(19,	'group_privileges',	'grant',	'true',	NULL),
(19,	'group_privileges',	'groupID',	'115',	'DEPT'),
(19,	'group_privileges',	'read',	'true',	NULL),
(19,	'group_privileges',	'UID',	'221',	'Jyothi Telluri'),
(19,	'group_privileges',	'write',	'true',	NULL),
(20,	'group_privileges',	'categoryID',	'group',	NULL),
(20,	'group_privileges',	'grant',	'false',	NULL),
(20,	'group_privileges',	'groupID',	'115',	'DEPT'),
(20,	'group_privileges',	'read',	'true',	NULL),
(20,	'group_privileges',	'UID',	'1',	'System Administrators'),
(20,	'group_privileges',	'write',	'false',	NULL),
(21,	'group_privileges',	'categoryID',	'group',	NULL),
(21,	'group_privileges',	'grant',	'false',	NULL),
(21,	'group_privileges',	'groupID',	'115',	'DEPT'),
(21,	'group_privileges',	'read',	'true',	NULL),
(21,	'group_privileges',	'UID',	'1',	'System Administrators'),
(21,	'group_privileges',	'write',	'true',	NULL),
(22,	'group_privileges',	'categoryID',	'group',	NULL),
(22,	'group_privileges',	'grant',	'true',	NULL),
(22,	'group_privileges',	'groupID',	'115',	'DEPT'),
(22,	'group_privileges',	'read',	'true',	NULL),
(22,	'group_privileges',	'UID',	'1',	'System Administrators'),
(22,	'group_privileges',	'write',	'true',	NULL),
(23,	'group_privileges',	'categoryID',	'group',	NULL),
(23,	'group_privileges',	'grant',	'false',	NULL),
(23,	'group_privileges',	'groupID',	'115',	'DEPT'),
(23,	'group_privileges',	'read',	'true',	NULL),
(23,	'group_privileges',	'UID',	'2',	'Everyone'),
(23,	'group_privileges',	'write',	'false',	NULL),
(24,	'group_tags',	'groupID',	'115',	NULL),
(24,	'group_tags',	'tag',	'Academy_Demo1',	NULL),
(25,	'relation_group_employee',	'empUID',	'193',	'Dastan Rahimi0'),
(25,	'relation_group_employee',	'groupID',	'114',	'Test9/8'),
(26,	'groups',	'groupID',	'114',	'Test9/8'),
(27,	'groups',	'groupID',	'116',	NULL),
(27,	'groups',	'groupTitle',	'Test - LEAF - 1868',	NULL),
(27,	'groups',	'parentID',	'0',	NULL),
(28,	'group_privileges',	'grant',	'true',	NULL),
(28,	'group_privileges',	'groupID',	'116',	'Test - LEAF - 1868'),
(28,	'group_privileges',	'read',	'true',	NULL),
(28,	'group_privileges',	'UID',	'222',	'Vittoria Merry'),
(28,	'group_privileges',	'write',	'true',	NULL),
(29,	'group_privileges',	'categoryID',	'group',	NULL),
(29,	'group_privileges',	'grant',	'false',	NULL),
(29,	'group_privileges',	'groupID',	'116',	'Test - LEAF - 1868'),
(29,	'group_privileges',	'read',	'true',	NULL),
(29,	'group_privileges',	'UID',	'1',	'System Administrators'),
(29,	'group_privileges',	'write',	'false',	NULL),
(30,	'group_privileges',	'categoryID',	'group',	NULL),
(30,	'group_privileges',	'grant',	'false',	NULL),
(30,	'group_privileges',	'groupID',	'116',	'Test - LEAF - 1868'),
(30,	'group_privileges',	'read',	'true',	NULL),
(30,	'group_privileges',	'UID',	'1',	'System Administrators'),
(30,	'group_privileges',	'write',	'true',	NULL),
(31,	'group_privileges',	'categoryID',	'group',	NULL),
(31,	'group_privileges',	'grant',	'true',	NULL),
(31,	'group_privileges',	'groupID',	'116',	'Test - LEAF - 1868'),
(31,	'group_privileges',	'read',	'true',	NULL),
(31,	'group_privileges',	'UID',	'1',	'System Administrators'),
(31,	'group_privileges',	'write',	'true',	NULL),
(32,	'group_privileges',	'categoryID',	'group',	NULL),
(32,	'group_privileges',	'grant',	'false',	NULL),
(32,	'group_privileges',	'groupID',	'116',	'Test - LEAF - 1868'),
(32,	'group_privileges',	'read',	'true',	NULL),
(32,	'group_privileges',	'UID',	'2',	'Everyone'),
(32,	'group_privileges',	'write',	'false',	NULL),
(33,	'group_tags',	'groupID',	'116',	NULL),
(33,	'group_tags',	'tag',	'Academy_Demo1',	NULL),
(34,	'relation_group_employee',	'empUID',	'222',	'Vittoria Merry'),
(34,	'relation_group_employee',	'groupID',	'116',	'Test - LEAF - 1868'),
(35,	'relation_group_employee',	'empUID',	'221',	'Jyothi Telluri'),
(35,	'relation_group_employee',	'groupID',	'116',	'Test - LEAF - 1868'),
(36,	'groups',	'groupID',	'116',	NULL),
(36,	'groups',	'groupTitle',	'Change Group Name - LEAF - 1868',	NULL),
(37,	'groups',	'groupID',	'117',	NULL),
(37,	'groups',	'groupTitle',	'LEAF 1868 - IE',	NULL),
(37,	'groups',	'parentID',	'0',	NULL),
(38,	'group_privileges',	'grant',	'true',	NULL),
(38,	'group_privileges',	'groupID',	'117',	'LEAF 1868 - IE'),
(38,	'group_privileges',	'read',	'true',	NULL),
(38,	'group_privileges',	'UID',	'222',	'Vittoria Merry'),
(38,	'group_privileges',	'write',	'true',	NULL),
(39,	'group_privileges',	'categoryID',	'group',	NULL),
(39,	'group_privileges',	'grant',	'false',	NULL),
(39,	'group_privileges',	'groupID',	'117',	'LEAF 1868 - IE'),
(39,	'group_privileges',	'read',	'true',	NULL),
(39,	'group_privileges',	'UID',	'1',	'System Administrators'),
(39,	'group_privileges',	'write',	'false',	NULL),
(40,	'group_privileges',	'categoryID',	'group',	NULL),
(40,	'group_privileges',	'grant',	'false',	NULL),
(40,	'group_privileges',	'groupID',	'117',	'LEAF 1868 - IE'),
(40,	'group_privileges',	'read',	'true',	NULL),
(40,	'group_privileges',	'UID',	'1',	'System Administrators'),
(40,	'group_privileges',	'write',	'true',	NULL),
(41,	'group_privileges',	'categoryID',	'group',	NULL),
(41,	'group_privileges',	'grant',	'true',	NULL),
(41,	'group_privileges',	'groupID',	'117',	'LEAF 1868 - IE'),
(41,	'group_privileges',	'read',	'true',	NULL),
(41,	'group_privileges',	'UID',	'1',	'System Administrators'),
(41,	'group_privileges',	'write',	'true',	NULL),
(42,	'group_privileges',	'categoryID',	'group',	NULL),
(42,	'group_privileges',	'grant',	'false',	NULL),
(42,	'group_privileges',	'groupID',	'117',	'LEAF 1868 - IE'),
(42,	'group_privileges',	'read',	'true',	NULL),
(42,	'group_privileges',	'UID',	'2',	'Everyone'),
(42,	'group_privileges',	'write',	'false',	NULL),
(43,	'group_tags',	'groupID',	'117',	NULL),
(43,	'group_tags',	'tag',	'Academy_Demo1',	NULL),
(44,	'relation_group_employee',	'empUID',	'222',	'Vittoria Merry'),
(44,	'relation_group_employee',	'groupID',	'117',	'LEAF 1868 - IE'),
(45,	'groups',	'groupID',	'117',	'LEAF 1868 - IE'),
(46,	'groups',	'groupID',	'116',	'Change Group Name - LEAF - 1868'),
(47,	'group_tags',	'groupID',	'105',	NULL),
(47,	'group_tags',	'tag',	'Academy_Demo1',	NULL),
(48,	'groups',	'groupID',	'118',	NULL),
(48,	'groups',	'groupTitle',	'test demo1 ',	NULL),
(48,	'groups',	'parentID',	'0',	NULL),
(49,	'group_privileges',	'grant',	'true',	NULL),
(49,	'group_privileges',	'groupID',	'118',	'test demo1 '),
(49,	'group_privileges',	'read',	'true',	NULL),
(49,	'group_privileges',	'UID',	'221',	'Jyothi Telluri'),
(49,	'group_privileges',	'write',	'true',	NULL),
(50,	'group_privileges',	'categoryID',	'group',	NULL),
(50,	'group_privileges',	'grant',	'false',	NULL),
(50,	'group_privileges',	'groupID',	'118',	'test demo1 '),
(50,	'group_privileges',	'read',	'true',	NULL),
(50,	'group_privileges',	'UID',	'1',	'System Administrators'),
(50,	'group_privileges',	'write',	'false',	NULL),
(51,	'group_privileges',	'categoryID',	'group',	NULL),
(51,	'group_privileges',	'grant',	'false',	NULL),
(51,	'group_privileges',	'groupID',	'118',	'test demo1 '),
(51,	'group_privileges',	'read',	'true',	NULL),
(51,	'group_privileges',	'UID',	'1',	'System Administrators'),
(51,	'group_privileges',	'write',	'true',	NULL),
(52,	'group_privileges',	'categoryID',	'group',	NULL),
(52,	'group_privileges',	'grant',	'true',	NULL),
(52,	'group_privileges',	'groupID',	'118',	'test demo1 '),
(52,	'group_privileges',	'read',	'true',	NULL),
(52,	'group_privileges',	'UID',	'1',	'System Administrators'),
(52,	'group_privileges',	'write',	'true',	NULL),
(53,	'group_privileges',	'categoryID',	'group',	NULL),
(53,	'group_privileges',	'grant',	'false',	NULL),
(53,	'group_privileges',	'groupID',	'118',	'test demo1 '),
(53,	'group_privileges',	'read',	'true',	NULL),
(53,	'group_privileges',	'UID',	'2',	'Everyone'),
(53,	'group_privileges',	'write',	'false',	NULL),
(54,	'group_tags',	'groupID',	'118',	NULL),
(54,	'group_tags',	'tag',	'Academy_Demo1',	NULL),
(55,	'groups',	'groupID',	'119',	NULL),
(55,	'groups',	'groupTitle',	'Test Fields',	NULL),
(55,	'groups',	'parentID',	'0',	NULL),
(56,	'group_privileges',	'grant',	'true',	NULL),
(56,	'group_privileges',	'groupID',	'119',	'Test Fields'),
(56,	'group_privileges',	'read',	'true',	NULL),
(56,	'group_privileges',	'UID',	'222',	'Vittoria Merry'),
(56,	'group_privileges',	'write',	'true',	NULL),
(57,	'group_privileges',	'categoryID',	'group',	NULL),
(57,	'group_privileges',	'grant',	'false',	NULL),
(57,	'group_privileges',	'groupID',	'119',	'Test Fields'),
(57,	'group_privileges',	'read',	'true',	NULL),
(57,	'group_privileges',	'UID',	'1',	'System Administrators'),
(57,	'group_privileges',	'write',	'false',	NULL),
(58,	'group_privileges',	'categoryID',	'group',	NULL),
(58,	'group_privileges',	'grant',	'false',	NULL),
(58,	'group_privileges',	'groupID',	'119',	'Test Fields'),
(58,	'group_privileges',	'read',	'true',	NULL),
(58,	'group_privileges',	'UID',	'1',	'System Administrators'),
(58,	'group_privileges',	'write',	'true',	NULL),
(59,	'group_privileges',	'categoryID',	'group',	NULL),
(59,	'group_privileges',	'grant',	'true',	NULL),
(59,	'group_privileges',	'groupID',	'119',	'Test Fields'),
(59,	'group_privileges',	'read',	'true',	NULL),
(59,	'group_privileges',	'UID',	'1',	'System Administrators'),
(59,	'group_privileges',	'write',	'true',	NULL),
(60,	'group_privileges',	'categoryID',	'group',	NULL),
(60,	'group_privileges',	'grant',	'false',	NULL),
(60,	'group_privileges',	'groupID',	'119',	'Test Fields'),
(60,	'group_privileges',	'read',	'true',	NULL),
(60,	'group_privileges',	'UID',	'2',	'Everyone'),
(60,	'group_privileges',	'write',	'false',	NULL),
(61,	'group_tags',	'groupID',	'119',	NULL),
(61,	'group_tags',	'tag',	'Academy_Demo1',	NULL),
(62,	'relation_group_employee',	'empUID',	'221',	'Jyothi Telluri'),
(62,	'relation_group_employee',	'groupID',	'119',	'Test Fields'),
(63,	'relation_group_employee',	'empUID',	'222',	'Vittoria Merry'),
(63,	'relation_group_employee',	'groupID',	'119',	'Test Fields'),
(64,	'relation_group_employee',	'empUID',	'221',	'Jyothi Telluri'),
(64,	'relation_group_employee',	'groupID',	'119',	'Test Fields'),
(65,	'groups',	'groupID',	'120',	NULL),
(65,	'groups',	'groupTitle',	'dummy 1 ',	NULL),
(65,	'groups',	'parentID',	'0',	NULL),
(66,	'group_privileges',	'grant',	'true',	NULL),
(66,	'group_privileges',	'groupID',	'120',	'dummy 1 '),
(66,	'group_privileges',	'read',	'true',	NULL),
(66,	'group_privileges',	'UID',	'221',	'Jyothi Telluri'),
(66,	'group_privileges',	'write',	'true',	NULL),
(67,	'group_privileges',	'categoryID',	'group',	NULL),
(67,	'group_privileges',	'grant',	'false',	NULL),
(67,	'group_privileges',	'groupID',	'120',	'dummy 1 '),
(67,	'group_privileges',	'read',	'true',	NULL),
(67,	'group_privileges',	'UID',	'1',	'System Administrators'),
(67,	'group_privileges',	'write',	'false',	NULL),
(68,	'group_privileges',	'categoryID',	'group',	NULL),
(68,	'group_privileges',	'grant',	'false',	NULL),
(68,	'group_privileges',	'groupID',	'120',	'dummy 1 '),
(68,	'group_privileges',	'read',	'true',	NULL),
(68,	'group_privileges',	'UID',	'1',	'System Administrators'),
(68,	'group_privileges',	'write',	'true',	NULL),
(69,	'group_privileges',	'categoryID',	'group',	NULL),
(69,	'group_privileges',	'grant',	'true',	NULL),
(69,	'group_privileges',	'groupID',	'120',	'dummy 1 '),
(69,	'group_privileges',	'read',	'true',	NULL),
(69,	'group_privileges',	'UID',	'1',	'System Administrators'),
(69,	'group_privileges',	'write',	'true',	NULL),
(70,	'group_privileges',	'categoryID',	'group',	NULL),
(70,	'group_privileges',	'grant',	'false',	NULL),
(70,	'group_privileges',	'groupID',	'120',	'dummy 1 '),
(70,	'group_privileges',	'read',	'true',	NULL),
(70,	'group_privileges',	'UID',	'2',	'Everyone'),
(70,	'group_privileges',	'write',	'false',	NULL),
(71,	'group_tags',	'groupID',	'120',	NULL),
(71,	'group_tags',	'tag',	'Academy_Demo1',	NULL),
(72,	'relation_group_employee',	'empUID',	'221',	'Jyothi Telluri'),
(72,	'relation_group_employee',	'groupID',	'120',	'dummy 1 '),
(73,	'group_tags',	'groupID',	'118',	NULL),
(73,	'group_tags',	'tag',	'Academy_Demo1',	NULL);

DROP TABLE IF EXISTS `employee`;
CREATE TABLE `employee` (
  `empUID` mediumint(8) unsigned NOT NULL AUTO_INCREMENT,
  `userName` varchar(30) NOT NULL,
  `lastName` varchar(30) NOT NULL,
  `firstName` varchar(30) NOT NULL,
  `middleName` varchar(30) NOT NULL,
  `phoneticFirstName` varchar(20) NOT NULL,
  `phoneticLastName` varchar(20) NOT NULL,
  `domain` varchar(16) DEFAULT NULL,
  `deleted` int(10) unsigned NOT NULL DEFAULT '0',
  `lastUpdated` int(10) unsigned NOT NULL DEFAULT '0',
  `new_empUUID` varchar(36) DEFAULT NULL,
  PRIMARY KEY (`empUID`),
  UNIQUE KEY `username` (`userName`),
  KEY `lastName` (`lastName`),
  KEY `firstName` (`firstName`),
  KEY `phoneticFirstName` (`phoneticFirstName`),
  KEY `phoneticLastName` (`phoneticLastName`),
  KEY `deleted` (`deleted`),
  KEY `lastUpdated` (`lastUpdated`),
  KEY `domain` (`domain`)
) ENGINE=InnoDB DEFAULT CHARSET=utf8;

INSERT INTO `employee` (`empUID`, `userName`, `lastName`, `firstName`, `middleName`, `phoneticFirstName`, `phoneticLastName`, `domain`, `deleted`, `lastUpdated`, `new_empUUID`) VALUES
(1,	'vhawasgaom1',	'Gao',	'Michael',	'L',	'MXL',	'K',	'VHA05',	0,	1593463483,	NULL),
(2,	'VHASTXCOLLIZ',	'Collins',	'Zachary',	'J',	'SXR',	'KLNS',	'VHA17',	0,	1593477246,	NULL),
(4,	'vhacohendeb',	'Henderson',	'Blake',	'Y',	'BLK',	'HNTRSN',	'dva.va.gov',	0,	1593486806,	NULL),
(5,	'VHAMORHILLC',	'Hill',	'Celeste',	'I',	'SLST',	'HL',	'VHA03',	0,	1593461361,	NULL),
(6,	'VHASBYTriplS',	'Triplett',	'Stephanie',	'A',	'STFN',	'TRPLT',	NULL,	0,	1480449601,	NULL),
(7,	'VHACHACookE',	'Cook',	'Eric',	'C',	'ERK',	'KK',	'VHA07',	0,	1593465926,	NULL),
(8,	'VHALEXCOLLIS',	'Collins',	'Spencer',	'A',	'SPNSR',	'KLNS',	'VHA09',	0,	1593470634,	NULL),
(10,	'VHA16TESTS',	'Test',	'Stefan',	'G',	'STFN',	'TST',	'VHA16',	0,	1593475351,	NULL),
(11,	'VHACTXRedmoS',	'Redmond',	'Susan',	'M',	'SSN',	'RTMNT',	'VHA17',	0,	1593477192,	NULL),
(12,	'VHANTXMASONM',	'Mason',	'Minerva',	'',	'MNRF',	'MSN',	NULL,	0,	1484343056,	NULL),
(13,	'vhamaclockwc',	'Lockwood',	'Christopher',	'A',	'XRSTFR',	'LKWT',	NULL,	0,	1485819101,	NULL),
(15,	'VHAISHWashiS',	'Washington',	'Stacy',	'L',	'STS',	'WXNKTN',	'vha.med.va.gov',	0,	1593485276,	NULL),
(16,	'VHACMSNichoM',	'Nichols',	'Mark',	'W',	'MRK',	'NXLS',	'VHA07',	0,	1593467438,	NULL),
(17,	'VHAAUGJacksC2',	'Jackson',	'Charlene',	'D',	'XRLN',	'JKSN',	'VHA07',	0,	1593466503,	NULL),
(18,	'VHAPHORyancA',	'Ryan-cabot',	'Andrew',	'T',	'ANTR',	'RYNKBT',	'VHA18',	0,	1593478143,	NULL),
(25,	'VHAPHOMooreE',	'Moore',	'Elmer',	'L',	'ELMR',	'MR',	'VHA18',	0,	1593478351,	NULL),
(26,	'VHABIGGONZAL',	'Gonzales',	'Lori',	'M',	'LR',	'KNSLS',	'VHA18',	0,	1593478389,	NULL),
(27,	'VHABRXTEST',	'Test',	'Ecar',	'ET',	'EKR',	'TST',	'VHA03',	0,	1537422729,	NULL),
(28,	'VHAOKLHOOTEB',	'Hooten',	'Billy',	'M',	'BL',	'HTN',	'VHA16',	0,	1592486237,	NULL),
(29,	'VHABOIREBERB',	'Reber',	'Bernice',	'L',	'BRNS',	'RBR',	'VHA20',	0,	1593480110,	NULL),
(30,	'VHASFCTHOMPC',	'Thompson JR',	'Charles',	'T',	'XRLS',	'0MPSNJR',	'VHA21',	0,	1542530338,	NULL),
(31,	'VHAMOUWINDHJ',	'Windham',	'Joseph',	'C',	'JSF',	'WNTHM',	'VHA09',	0,	1593470453,	NULL),
(32,	'VHAMINKrameC',	'Kramer',	'Christa',	'J',	'XRST',	'KRMR',	'VHA23',	0,	1593484427,	NULL),
(33,	'VHAANNHarriL',	'Harrison',	'Linda',	'M',	'LNT',	'HRSN',	'VHA11',	0,	1593472204,	NULL),
(34,	'VHASTLGOVERK',	'Govero',	'Kyle',	'J',	'KL',	'KFR',	'VHA15',	0,	1593474662,	NULL),
(35,	'vhapuggibsob',	'Gibson',	'Bruce',	'A',	'BRS',	'JBSN',	'VHA20',	0,	1593480352,	NULL),
(36,	'VHASAGGilmoA',	'Gilmore',	'Angela',	'J',	'ANJL',	'JLMR',	'VHA11',	0,	1593471855,	NULL),
(37,	'VHADESLANDIE',	'Landis',	'Emily',	'R',	'EML',	'LNTS',	'VHA23',	0,	1593484079,	NULL),
(38,	'VHASLCDelgaD',	'Delgado',	'Devan',	'',	'TFN',	'TLKT',	'VHA19',	0,	1593479050,	NULL),
(39,	'VHAPREHALLS',	'Hall',	'Susan',	'',	'SSN',	'HL',	'VHA18',	0,	1572538717,	NULL),
(40,	'VHALEXSEARSD',	'Sears',	'Darrin',	'L',	'TRN',	'SRS',	NULL,	0,	1501178237,	NULL),
(41,	'VHATUCAbrioT',	'Abriola',	'Timothy',	'R',	'TM0',	'ABRL',	'VHA18',	0,	1593478708,	NULL),
(42,	'VHAMACBOWLEG',	'Bowles',	'Ginger',	'M',	'JNJR',	'BLS',	'VHA21',	0,	1593481217,	NULL),
(43,	'VHABACJacobB',	'Jacobson',	'Beth',	'M',	'B0',	'JKBSN',	'VHA11',	0,	1593471948,	NULL),
(44,	'VHABOIRogerM',	'Rogers',	'Matthew',	'J',	'MT',	'RJRS',	'VHA20',	0,	1593480178,	NULL),
(45,	'VHAISLDIDDLD',	'Diddle',	'Dandy',	'O',	'TNT',	'TTL',	'vha.med.va.gov',	0,	1593485629,	NULL),
(46,	'VHACAVMaloyA',	'Maloy',	'Amy',	'',	'AM',	'ML',	'VHA07',	0,	1505245674,	NULL),
(47,	'vacozaghaa',	'Zaghal',	'Ahmad',	'M',	'AMT',	'SFL',	'dva.va.gov',	0,	1586790005,	NULL),
(48,	'vacovokaca',	'Vokach-brodsky',	'Alastair',	'J',	'ALSTR',	'FKXBRTSK',	'dva.va.gov',	0,	1593486971,	NULL),
(49,	'VHAISAOLIVEA',	'Olivera',	'Ariel',	'D',	'ARL',	'OLFR',	'vha.med.va.gov',	0,	1563341499,	NULL),
(50,	'vacofarbej',	'Farber',	'Jamie',	'C',	'JM',	'FRBR',	'dva.va.gov',	0,	1593487027,	NULL),
(51,	'vacoRobinM',	'Robinson',	'Monica',	'A',	'MNK',	'RBNSN',	'dva.va.gov',	0,	1593487147,	NULL),
(52,	'vacoburksm',	'Burks',	'Michael',	'R',	'MXL',	'BRKS',	'dva.va.gov',	0,	1590908565,	NULL),
(53,	'VHAFREBACKMK',	'Backman',	'Keven',	'S',	'KFN',	'BKMN',	'VHA21',	0,	1593481911,	NULL),
(54,	'VHAMOULANGEJ',	'Lange',	'Joshua',	'M',	'JX',	'LNJ',	'VHA09',	0,	1593470340,	NULL),
(55,	'VHAPRERAMOSS',	'Ramos',	'Shayla',	'A',	'XL',	'RMS',	'VHA18',	0,	1593478072,	NULL),
(56,	'vacomaklec',	'Makle',	'Crystal',	'',	'KRSTL',	'MKL',	NULL,	0,	1507832335,	NULL),
(57,	'vhapugPrewiM',	'Prewitt',	'Mark',	'A',	'MRK',	'PRWT',	'VHA20',	0,	1593480352,	NULL),
(58,	'vhapughedger',	'Hedge',	'Rita',	'',	'RT',	'HJ',	'VHA20',	0,	1593480297,	NULL),
(59,	'vhapugRoyseR',	'Royse',	'Richard',	'A',	'RXRT',	'RS',	'VHA20',	0,	1593480390,	NULL),
(60,	'VHADURHallLe',	'Hall',	'Lesa',	'M',	'LS',	'HL',	'VHA06',	0,	1593464746,	NULL),
(61,	'VHAPHOCoupuP',	'Coupaud',	'Paul',	'',	'PL',	'KPT',	'VHA18',	0,	1593478121,	NULL),
(62,	'VHAPHOSchaaJ',	'Schaade',	'Jennifer',	'A',	'JNFR',	'SXT',	'VHA18',	0,	1583844219,	NULL),
(63,	'VHAELPEarwoA',	'Earwood',	'Anthony',	'S',	'AN0N',	'ERWT',	'VHA18',	0,	1593478923,	NULL),
(64,	'VHAMOUCOSTED',	'Costello',	'Deborah',	'L',	'TBR',	'KSTL',	'VHA09',	0,	1555226058,	NULL),
(65,	'vaaacwalkec',	'Walker',	'Christopher',	'E',	'XRSTFR',	'WLKR',	'aac.dva.va.gov',	0,	1593487297,	NULL),
(66,	'vhaprepughm',	'Pugh',	'Mary',	'C',	'MR',	'PF',	NULL,	0,	1512074684,	NULL),
(67,	'VHATOGROBINS',	'Robinson',	'Susan',	'E',	'SSN',	'RBNSN',	'VHA01',	0,	1594737109,	NULL),
(68,	'VHANOPNEUMAL',	'Neumar',	'Lonnie',	'',	'LN',	'NMR',	'VHA03',	0,	1594739391,	NULL),
(69,	'VHAMIAStudsR',	'Studstill',	'Ruth',	'M',	'R0',	'STTSTL',	'VHA08',	0,	1593467607,	NULL),
(70,	'VHAAUGHillJ5',	'Hill',	'James',	'P',	'JMS',	'HL',	'VHA07',	0,	1593466386,	NULL),
(71,	'VHASTCSchieK',	'Schieffert',	'Kathryn',	'E',	'K0RN',	'SXFRT',	'VHA23',	0,	1548957530,	NULL),
(72,	'vhamwvtripll',	'Triplett',	'Lisa',	'M',	'LS',	'TRPLT',	'VHA05',	0,	1593463650,	NULL),
(73,	'VHACINCulveS',	'Culver',	'Scott',	'E',	'SKT',	'KLFR',	'VHA10',	0,	1537825166,	NULL),
(74,	'VHAV01EdwarB',	'Edwards, Jr',	'Bobby',	'H',	'BB',	'ETWRTSJR',	'VHA01',	0,	1539668705,	NULL),
(75,	'VHAELPAlvarR',	'Alvarado',	'Rebecca',	'A',	'RBKK',	'ALFRT',	'VHA18',	0,	1593478952,	NULL),
(76,	'vhabhsrisioa',	'Risio',	'Andrew',	'J',	'ANTR',	'RX',	'VHA01',	0,	1594737848,	NULL),
(77,	'VHATOGBROWNK1',	'Brown',	'Kristi',	'A',	'KRST',	'BRN',	'VHA01',	0,	1594737124,	NULL),
(78,	'vhachyperezs',	'Perez',	'Samantha',	'A',	'SMN0',	'PRS',	'VHA19',	0,	1593479390,	NULL),
(79,	'VHAHONLARSOC',	'Larson',	'Candace',	'T',	'KNTS',	'LRSN',	'VHA21',	0,	1593481465,	NULL),
(80,	'VHASFCPHANC',	'Phan',	'Carol',	'K',	'KRL',	'FN',	'VHA21',	0,	1593481021,	NULL),
(81,	'VHATAMAbreuM1',	'Abreu',	'Melvin',	'',	'MLFN',	'ABR',	'VHA08',	0,	1593468196,	NULL),
(82,	'VHABOIEUSEPT',	'Eusepi',	'Tonya',	'E',	'TNY',	'ESP',	'VHA20',	0,	1593480144,	NULL),
(83,	'vacoborut',	'Boru',	'Tesfaye',	'',	'TSFY',	'BR',	NULL,	0,	1516905137,	NULL),
(84,	'HRMHBARR',	'Barreto',	'Henrique',	'',	'HNRK',	'BRT',	'vba.va.gov',	0,	1518629175,	NULL),
(85,	'HRMBSAVO',	'Savoy',	'Brenda',	'M',	'BRNT',	'SF',	'vba.va.gov',	0,	1535873369,	NULL),
(86,	'VHAPOPVarneA',	'Varner',	'Antonia',	'M',	'ANTN',	'FRNR',	'VHA15',	0,	1593474276,	NULL),
(87,	'VHAOKLSELLNJ',	'SELLNER',	'JOSEPH',	'G',	'JSF',	'SLNR',	'VHA16',	0,	1593476773,	NULL),
(88,	'VHACOSPARKES1',	'Parker',	'Susan',	'',	'SSN',	'PRKR',	NULL,	0,	1518718507,	NULL),
(89,	'VHAMIAJeffeK',	'Jefferson',	'Karen',	'',	'KRN',	'JFRSN',	'VHA08',	0,	1593467673,	NULL),
(90,	'vhalousprigg',	'Sprigler',	'Gail',	'B',	'KL',	'SPRKLR',	'VHA09',	0,	1593470280,	NULL),
(91,	'VACOBoydC',	'Boyd',	'Cortecia',	'S',	'KRTX',	'BT',	'dva.va.gov',	0,	1586701988,	NULL),
(92,	'vhacpthernar',	'Hernandez',	'Ruby',	'B',	'RB',	'HRNNTS',	'vha.med.va.gov',	0,	1593485488,	NULL),
(93,	'vhacpkshaves',	'Schavee',	'Susan',	'C',	'SSN',	'SXF',	'vha.med.va.gov',	0,	1593485457,	NULL),
(94,	'VHASDCPHANK',	'Phan',	'Kim-hanh',	'T',	'KMHN',	'FN',	'VHA22',	0,	1593483048,	NULL),
(95,	'VHAALXHAWKIM',	'Hawkins',	'Michelle',	'L',	'MXL',	'HKNS',	'VHA16',	0,	1593476319,	NULL),
(96,	'VHARENFORREA',	'Forrester',	'Amanda',	'M',	'AMNT',	'FRSTR',	'VHA21',	0,	1593481116,	NULL),
(97,	'VHATVHWHITED4',	'White',	'David',	'E',	'TFT',	'WT',	'VHA09',	0,	1593469970,	NULL),
(98,	'vhagrjandrec',	'Andrews',	'Corey',	'J',	'KR',	'ANTRS',	'VHA19',	0,	1593479744,	NULL),
(99,	'VHACOSWAGNES3',	'Wagner',	'Scott',	'C',	'SKT',	'WKNR',	NULL,	0,	1520537912,	NULL),
(100,	'VHALOMELLIOS',	'Elliott',	'Shane',	'M',	'XN',	'ELT',	'VHA22',	0,	1593482200,	NULL),
(101,	'VHABALBurleA',	'Burley',	'Annette',	'',	'ANT',	'BRL',	'VHA05',	0,	1593463169,	NULL),
(102,	'VHAALXJowerP',	'Jowers',	'Patricia',	'L',	'PTRX',	'JWRS',	'VHA16',	0,	1563334381,	NULL),
(103,	'VHATAMPowelD1',	'Powell',	'Deanna',	'M',	'TN',	'PWL',	'VHA08',	0,	1593468449,	NULL),
(104,	'VHARICWilsoV',	'Wilson',	'Veeron',	'C',	'FRN',	'WLSN',	'VHA06',	0,	1593464229,	NULL),
(105,	'VHAWPBCruduA',	'Crudup',	'Andrew',	'',	'ANTR',	'KRTP',	'VHA08',	0,	1593468975,	NULL),
(106,	'VHANINRumplS',	'Rumple',	'Sherry',	'J',	'XR',	'RMPL',	'VHA11',	0,	1593472804,	NULL),
(107,	'vhaceoscholm',	'Scholz',	'Marian',	'',	'MRN',	'SXLS',	'vha.med.va.gov',	0,	1577856928,	NULL),
(108,	'VHAMACHAYSMJ',	'Hays',	'Michael',	'',	'MXL',	'HS',	'VHA21',	0,	1593481309,	NULL),
(109,	'VHAMACMILESA',	'Miles',	'Anetrya',	'B',	'ANTRY',	'MLS',	'VHA21',	0,	1593481293,	NULL),
(110,	'VHACOADICKSD',	'Dickson',	'Donna',	'J',	'TN',	'TKSN',	'VHA04',	0,	1593462226,	NULL),
(111,	'VHAMIACloetF',	'Cloete',	'Fahi',	'',	'FH',	'KLT',	'VHA08',	0,	1593468790,	NULL),
(112,	'VHACLENash-A',	'Nash-kacala',	'April',	'J',	'APRL',	'NXKKL',	'VHA10',	0,	1593471197,	NULL),
(113,	'VHACOSGIBBSA1',	'Gibbs',	'Amy',	'S',	'AM',	'JBS',	'VHA10',	0,	1593471442,	NULL),
(114,	'VHAPTHGIBBSK',	'Gibbs',	'Kelly',	'A',	'KL',	'JBS',	'VHA04',	0,	1559830500,	NULL),
(115,	'VHACOSBURDIN1',	'Burdine',	'Nicole',	'R',	'NKL',	'BRTN',	'VHA10',	0,	1593471470,	NULL),
(116,	'VHAPREDILLIJ',	'Dillinger',	'Joshua',	'S',	'JX',	'TLNJR',	'VHA18',	0,	1593478110,	NULL),
(117,	'VHASFCSIERRN',	'Sierra',	'Nelson',	'',	'NLSN',	'SR',	'VHA21',	0,	1593481043,	NULL),
(118,	'VhacmsBraslM',	'Brasley',	'Mellalisha',	'',	'MLLX',	'BRSL',	NULL,	0,	1524158113,	NULL),
(119,	'VHALITBRASWR',	'Braswell',	'Ronald',	'A',	'RNLT',	'BRSWL',	'VHA16',	0,	1593476619,	NULL),
(120,	'VHABEDSTATHF',	'Stathas',	'Frank',	'S',	'FRNK',	'ST0S',	'VHA01',	0,	1594738257,	NULL),
(121,	'VHALITBrownA2',	'Brown',	'Amy',	'D',	'AM',	'BRN',	'VHA16',	0,	1593476552,	NULL),
(122,	'vhagrjelwerd',	'Elwer',	'Diane',	'L',	'TN',	'ELWR',	'VHA19',	0,	1593479718,	NULL),
(123,	'VHABEDKOETTE',	'Koetting',	'Edward',	'',	'ETWRT',	'KTNK',	'VHA01',	0,	1565223199,	NULL),
(124,	'VHACASAARONA',	'Aaron',	'Ann',	'',	'AN',	'ARN',	'VHA03',	0,	1545979910,	NULL),
(125,	'vhalouaarona',	'Aaron',	'Arto',	'R',	'ART',	'ARN',	'VHA09',	0,	1563329599,	NULL),
(126,	'VHAMIAColliJ',	'Collins',	'Janette',	'',	'JNT',	'KLNS',	'VHA08',	0,	1593467565,	NULL),
(127,	'VHASAJOLIVEM',	'Olivero',	'Maria',	'D',	'MR',	'OLFR',	'VHA08',	0,	1593467498,	NULL),
(128,	'VHABEDWATKIJ',	'Watkins',	'Jeremy',	'D',	'JRM',	'WTKNS',	'VHA01',	0,	1537976066,	NULL),
(129,	'VHAASHBerryS1',	'Berry',	'Stacey',	'J',	'STS',	'BR',	'VHA06',	0,	1593463765,	NULL),
(130,	'VHAMIABradwS',	'Bradwell',	'Sibyl',	'M',	'SBL',	'BRTWL',	'VHA08',	0,	1593467673,	NULL),
(131,	'VHAPORBorzoE',	'Borzo',	'Elizabeth',	'L',	'ELSB0',	'BRS',	'VHA20',	0,	1593479779,	NULL),
(132,	'VHAAMAGladnR',	'Gladney',	'Rebecca',	'',	'RBKK',	'KLTN',	'VHA18',	0,	1562903860,	NULL),
(133,	'vacocastlc',	'Castle',	'Crystal',	'L',	'KRSTL',	'KSTL',	'dva.va.gov',	0,	1593487029,	NULL),
(134,	'VHABEDGAMBRR',	'Gambrell',	'Rita',	'D',	'RT',	'KMRL',	'VHA01',	0,	1594738357,	NULL),
(135,	'VHAMACSHERRD',	'Sherrod',	'Deborah',	'A',	'TBR',	'XRT',	'VHA21',	0,	1593481169,	NULL),
(136,	'VHASFCLIUM',	'Liu',	'Mike',	'U',	'MK',	'L',	'VHA21',	0,	1593480859,	NULL),
(137,	'VHACLESpearE',	'Spear',	'Ernest',	'L',	'ERNST',	'SPR',	'VHA10',	0,	1593470970,	NULL),
(138,	'VHAMIASheltT',	'Shelton',	'Thomas',	'A',	'0MS',	'XLTN',	'VHA08',	0,	1588244828,	NULL),
(139,	'VHATVHMILLSJ4',	'Mills',	'John',	'C',	'JN',	'MLS',	'VHA09',	0,	1593469930,	NULL),
(140,	'VHACHADietrW',	'Dietrich',	'William',	'H',	'WLM',	'TTRX',	'VHA07',	0,	1593466220,	NULL),
(141,	'VHADURA-BoaM',	'A-Boateng',	'Mary',	'',	'MR',	'ABTNK',	'VHA06',	0,	1550213834,	NULL),
(142,	'VHABOIROGERB2',	'Rogers',	'Benjamin',	'A',	'BNJMN',	'RJRS',	'VHA20',	0,	1555229164,	NULL),
(143,	'vacociardn0',	'Ciardiello0',	'Nicholas',	'',	'NXLS',	'XRTL',	'dva.va.gov',	0,	1569821200,	NULL),
(144,	'vacoSullin',	'Sullivan',	'Nathan',	'W',	'N0N',	'SLFN',	'dva.va.gov',	0,	1572845694,	NULL),
(145,	'va-csoc-eas-tester1',	'Tester',	'CSOC',	'1',	'CSOC',	'TSTR',	NULL,	0,	0,	NULL),
(146,	'va-csoc-eas-tester2',	'Tester',	'CSOC',	'2',	'CSOC',	'TSTR',	NULL,	0,	0,	NULL),
(147,	'va-csoc-eas-tester3',	'Tester',	'CSOC',	'3',	'CSOC',	'TSTR',	NULL,	0,	0,	NULL),
(148,	'va-csoc-eas-tester4',	'Tester',	'CSOC',	'4',	'CSOC',	'TSTR',	NULL,	0,	0,	NULL),
(149,	'va-csoc-eas-tester5',	'Tester',	'CSOC',	'5',	'CSOC',	'TSTR',	NULL,	0,	0,	NULL),
(150,	'va-csoc-eas-tester6',	'Tester',	'CSOC',	'6',	'CSOC',	'TSTR',	NULL,	0,	0,	NULL),
(151,	'vacostudet',	'Studer',	'Terra',	'M',	'TR',	'STTR',	'vha.med.va.gov',	0,	1593485685,	NULL),
(152,	'vacociardn',	'Ciardiello',	'Nicholas',	'J',	'NXLS',	'XRTL',	'dva.va.gov',	0,	1576129535,	NULL),
(153,	'VHATUCFriscC',	'Frisch',	'Courtney',	'L',	'KRTN',	'FRSX',	'VHA18',	0,	1555228634,	NULL),
(154,	'VHASDCLOEHRB',	'Loehr',	'Boyd',	'M',	'BT',	'LR',	'VHA22',	0,	1589036600,	NULL),
(155,	'VHASDCHEYWOL',	'Heyworth',	'Leonie',	'K',	'LN',	'HWR0',	'VHA22',	0,	1593483037,	NULL),
(156,	'VHASTLFROSCC',	'Frosch',	'Cortney',	'Y',	'KRTN',	'FRSX',	'VHA15',	0,	1593474838,	NULL),
(157,	'VHAISAABBOTE',	'Abbott-Beaumont',	'Elizabeth',	'J',	'ELSB0',	'ABTBMNT',	'vha.med.va.gov',	0,	1537689102,	NULL),
(158,	'VACORayeZ',	'Raye',	'Zinaida',	'M',	'SNT',	'RY',	'dva.va.gov',	0,	1593486945,	NULL),
(159,	'VHABOIODAYT',	'O\'day',	'Tonia',	'D',	'TN',	'OT',	'VHA20',	0,	1593480133,	NULL),
(160,	'VHAV05KochEF',	'Koch',	'Edward',	'F',	'ETWRT',	'KX',	'VHA05',	0,	1593463026,	NULL),
(161,	'VHABOIHEDTJ',	'Hedt',	'Jill',	'M',	'JL',	'HTT',	'VHA20',	0,	1593480127,	NULL),
(162,	'VHABOIFASSIE',	'Fassig',	'Elizabeth',	'',	'ELSB0',	'FSK',	'VHA20',	0,	1536779732,	NULL),
(163,	'VHABOIOLSOND',	'Olson',	'Dennis',	'M',	'TNS',	'OLSN',	'VHA20',	0,	1564115101,	NULL),
(164,	'VA-NSOC-EAS-Tester1',	'TESTER1',	'NSOC',	'',	'NSK',	'TSTR',	'vha.med.va.gov',	0,	1593485561,	NULL),
(165,	'vhaislfannid',	'Fanning',	'David',	'R',	'TFT',	'FNNK',	'vha.med.va.gov',	0,	1593485596,	NULL),
(166,	'vacoRahimD',	'Rahimi',	'Dastan',	'M',	'TSTN',	'RHM',	'dva.va.gov',	0,	1593486749,	NULL),
(167,	'VHADAYDIEDRW',	'Diedrich',	'William',	'A',	'WLM',	'TTRX',	'VHA10',	0,	1590062134,	NULL),
(168,	'VHAMACFOXK',	'Fox',	'Kenneth',	'B',	'KN0',	'FKS',	'VHA21',	0,	1593481169,	NULL),
(169,	'vacochandm2',	'Chandrappa',	'Manjunatha',	'',	'MNJN0',	'XNTRP',	'vha.med.va.gov',	0,	1593485751,	NULL),
(170,	'vacokuperv1',	'Kuperman',	'Valentin',	'D',	'FLNTN',	'KPRMN',	'vha.med.va.gov',	0,	1593485923,	NULL),
(171,	'VA-NSOC-EAS-Tester5',	'TESTER5',	'NSOC',	'',	'NSK',	'TSTR',	'vha.med.va.gov',	0,	1593485561,	NULL),
(172,	'VA-NSOC-EAS-TESTER6',	'TESTER6',	'NSOC',	'',	'NSK',	'TSTR',	'vha.med.va.gov',	0,	1593485730,	NULL),
(173,	'vacoblakev',	'Blake',	'Victor',	'W',	'FKTR',	'BLK',	'vha.med.va.gov',	0,	1593485745,	NULL),
(174,	'VA-NSOC-EAS-Tester3',	'TESTER3',	'NSOC',	'',	'NSK',	'TSTR',	'vha.med.va.gov',	0,	1593485561,	NULL),
(175,	'vacowengd',	'Weng',	'David',	'A',	'TFT',	'WNK',	'vha.med.va.gov',	0,	1593485695,	NULL),
(176,	'vhaphiKolosS',	'Kolos',	'Stephen',	'F',	'STFN',	'KLS',	'VHA04',	0,	1593462769,	NULL),
(177,	'vhaisadenkea',	'Denkers',	'Adriaan',	'',	'ATRN',	'TNKRS',	'vha.med.va.gov',	0,	1593485281,	NULL),
(178,	'VHACINMelviL',	'Melvin',	'Luke',	'D',	'LK',	'MLFN',	'VHA10',	0,	1593471583,	NULL),
(179,	'VHAMOUBENNEC1',	'Bennett',	'Crystil',	'L',	'KRSTL',	'BNT',	'VHA09',	0,	1593470506,	NULL),
(180,	'VHABOIAnderK',	'Andersen',	'Katherine',	'K',	'K0RN',	'ANTRSN',	'VHA20',	0,	1593480110,	NULL),
(181,	'VHAMOUHARDIK',	'Hardin',	'Kristy',	'D',	'KRST',	'HRTN',	'VHA09',	0,	1593470428,	NULL),
(182,	'VHAMOUGEISM',	'Geis',	'Monique',	'H',	'MNK',	'JS',	'VHA09',	0,	1593470488,	NULL),
(183,	'VHAMOUBRASET',	'Brase',	'Todd',	'A',	'TT',	'BRS',	'VHA09',	0,	1593470434,	NULL),
(184,	'VHABOIHelmiN',	'Helmick',	'Norka',	'E',	'NRK',	'HLMK',	'VHA20',	0,	1593480127,	NULL),
(185,	'VHABOIKruisJ',	'Kruis',	'Jesse',	'P',	'JS',	'KRS',	'VHA20',	0,	1593480110,	NULL),
(186,	'VHAMOUBRASEM',	'Brase',	'Monica',	'L',	'MNK',	'BRS',	'VHA09',	0,	1593470363,	NULL),
(187,	'VHAMOUSLONEJ',	'Slone',	'Jessica',	'L',	'JSK',	'SLN',	'VHA09',	0,	1593470352,	NULL),
(188,	'vhasamhalls',	'Hall',	'Susan',	'B',	'SSN',	'HL',	'VHA06',	0,	1593465727,	NULL),
(189,	'VHACTXArgueF',	'Arguello',	'Fredy',	'E',	'FRT',	'ARKL',	'VHA17',	0,	1593477006,	NULL),
(190,	'VHAPORWEASTE',	'Weast',	'Eugene',	'F',	'EJN',	'WST',	'VHA20',	0,	1593480015,	NULL),
(191,	'VHAPORCRAIGJ',	'Craig',	'Jeremy',	'J',	'JRM',	'KRK',	'VHA20',	0,	1580826412,	NULL),
(192,	'VHAV17PageG',	'Page',	'George',	'R',	'JRJ',	'PJ',	'VHA17',	0,	1593478032,	NULL),
(193,	'vacorahimd0',	'Rahimi0',	'Dastan',	'',	'TSTN',	'RHM',	'dva.va.gov',	0,	1593486643,	NULL),
(194,	'VHABALTestcV',	'Account',	'Test Environment',	'',	'TSTNFRNMNT',	'AKKNT',	'VHA05',	0,	1593463000,	NULL),
(195,	'VHAHONElderT',	'Elder',	'Thomas',	'R',	'0MS',	'ELTR',	'VHA21',	0,	1582468081,	NULL),
(196,	'VACONguyeT2',	'Nguyen',	'Thomas',	'',	'0MS',	'NKYN',	'dva.va.gov',	0,	1593486899,	NULL),
(197,	'VHAORLMusolR',	'Musolf',	'Richard',	'',	'RXRT',	'MSLF',	'VHA08',	0,	1561666777,	NULL),
(198,	'vafscvenkos',	'Venkoba Rao',	'Srivalli',	'',	'SRFL',	'FNKBR',	'aac.dva.va.gov',	0,	1593487536,	NULL),
(199,	'VACOChhetA',	'Chhetri',	'Ambuj',	'',	'AMJ',	'XTR',	'dva.va.gov',	0,	1593486950,	NULL),
(200,	'vacoRamosL',	'Ramos',	'Lianne',	'D',	'LN',	'RMS',	'dva.va.gov',	0,	1593486718,	NULL),
(201,	'vhaporLetzgD',	'Letzgus',	'Darrin',	'W',	'TRN',	'LTSKS',	'VHA20',	0,	1593479877,	NULL),
(202,	'VHASTLGLICKD',	'Glick',	'David',	'J',	'TFT',	'KLK',	'VHA15',	0,	1593474739,	NULL),
(203,	'VHANFLTESTEG',	'Tester',	'Grady',	'L',	'KRT',	'TSTR',	'VHA08',	0,	1593467850,	NULL),
(204,	'VHANFLMATHEJ1',	'Mathers',	'Joseph',	'T',	'JSF',	'M0RS',	'VHA08',	0,	1593469023,	NULL),
(205,	'vacoLiesvp',	'Liesveld',	'Patrick',	'P',	'PTRK',	'LSFLT',	'dva.va.gov',	0,	1593486749,	NULL),
(206,	'vhamwvported',	'Porter',	'David',	'T',	'TFT',	'PRTR',	'VHA05',	0,	1593463527,	NULL),
(207,	'vhamwvweathc',	'Weatherholtz',	'Chiray',	'M',	'XR',	'W0RHLTS',	'VHA05',	0,	1593463565,	NULL),
(208,	'vhamwvmullea',	'Mullenix',	'Ann',	'C',	'AN',	'MLNKS',	'VHA05',	0,	1593463585,	NULL),
(209,	'VHAHOUDastnA',	'Dastnai',	'Akbar',	'D',	'AKBR',	'TSTN',	'VHA16',	0,	1592487282,	NULL),
(210,	'VHAMIWDrewD',	'Drew',	'Dasha',	'L',	'TX',	'TR',	'VHA12',	0,	1593473539,	NULL),
(211,	'vhaphidass',	'Das',	'Sahima',	'S',	'SHM',	'TS',	'VHA04',	0,	1593462730,	NULL),
(212,	'VHAHOUPATELS2',	'Patel',	'Sachin',	'N',	'SXN',	'PTL',	'VHA16',	0,	1593476253,	NULL),
(213,	'vhaindaloil0',	'Aloi',	'Leonard',	'C',	'LNRT',	'AL',	'VHA11',	0,	1593472497,	NULL),
(214,	'VHAMIWYangG',	'Yang',	'Gaomormee',	'',	'KMRM',	'YNK',	'VHA12',	0,	1593473578,	'd0c9fba9-6b9d-11ea-b12c-06e344b05064'),
(215,	'VHANOLTheriG',	'Theriot',	'Gregory',	'P',	'KRKR',	'0RT',	'VHA16',	0,	1593475182,	NULL),
(216,	'vacoWheelL',	'Wheeler',	'Luke',	'K',	'LK',	'WLR',	'dva.va.gov',	0,	1593486822,	NULL),
(217,	'VACOFroncJ',	'Froncek',	'Justin',	'L',	'JSTN',	'FRNSK',	'dva.va.gov',	0,	1593486738,	NULL),
(218,	'VACOAdewuA1',	'Adewuyi',	'Abiola',	'O',	'ABL',	'ATWY',	'dva.va.gov',	0,	1593486914,	NULL),
(219,	'VHAJITWangL',	'Wang',	'Liping',	'',	'LPNK',	'WNK',	'vha.med.va.gov',	0,	1593485923,	NULL),
(220,	'VHAFTMDornR',	'Dorn',	'Raye-anne',	'',	'RYN',	'TRN',	'VHA23',	0,	1593484183,	'0f3e819a-7362-11ea-bde5-0252c54ba4fa'),
(221,	'VHALEATelluJ',	'Telluri',	'Jyothi',	'',	'JY0',	'TLR',	'VHA15',	0,	1593475028,	'b2dedf6c-7db7-11ea-bde5-0252c54ba4fa'),
(222,	'VHANOLMerryV',	'Merry',	'Vittoria',	'M',	'FTR',	'MR',	'VHA16',	0,	1593475128,	'ba3125f7-7db7-11ea-bde5-0252c54ba4fa'),
(223,	'VHATUACARTD',	'Carter',	'David',	'L',	'TFT',	'KRTR',	'VHA07',	0,	1593465841,	'4bf2dd1a-a1bd-11ea-bde5-0252c54ba4fa'),
(227,	'VHAMACBenara',	'Ben-ari',	'Alon',	'Y',	'ALN',	'BNR',	'VHA21',	0,	1593481283,	'180228fa-c223-11ea-bde5-0252c54ba4fa'),
(228,	'VHANINMilleD2',	'Miller',	'Dirk',	'J',	'TRK',	'MLR',	'VHA11',	0,	1600287973,	NULL),
(229,	'vhapaltest',	'TEST',	'TEST',	'',	'TST',	'TST',	NULL,	0,	1603479552,	'd69efdc8-1561-11eb-bde5-0252c54ba4fa'),
(230,	'VACOLayJ',	'Lay',	'Jeremy',	'R',	'JRM',	'L',	'dva.va.gov',	0,	1604347369,	NULL),
(231,	'VHASFCFEDERM',	'Federspiel',	'Mark',	'L',	'MRK',	'FTRSPL',	NULL,	0,	1605210305,	'904b2632-251f-11eb-bde5-0252c54ba4fa'),
(232,	'VHALASDestiT',	'Destin',	'Tony',	'R',	'TN',	'TSTN',	NULL,	0,	1607015509,	'a1a5e1b0-358a-11eb-ade6-0252c54ba4fa'),
(233,	'VHAISWMBAHK',	'Mbah',	'Kingsley',	'',	'KNKSL',	'M',	NULL,	0,	1608238072,	'21d40c72-40a9-11eb-ade6-0252c54ba4fa'),
(234,	'VHAPORDAWSOM2',	'Dawson',	'Michael',	'A',	'MXL',	'TSN',	'VHA20',	0,	1610039693,	NULL),
(235,	'tester',	'tester',	'tester',	'T',	'test',	'test',	'test',	0,	1612542172,	'e334110f-5555-11eb-ade6-0252c54ba4fa');

DROP TABLE IF EXISTS `employee_data`;
CREATE TABLE `employee_data` (
  `empUID` mediumint(8) unsigned NOT NULL,
  `indicatorID` smallint(5) NOT NULL,
  `data` text NOT NULL,
  `author` varchar(30) NOT NULL,
  `timestamp` int(10) unsigned NOT NULL DEFAULT '0',
  PRIMARY KEY (`empUID`,`indicatorID`),
  KEY `indicatorID` (`indicatorID`)
) ENGINE=InnoDB DEFAULT CHARSET=utf8;

INSERT INTO `employee_data` (`empUID`, `indicatorID`, `data`, `author`, `timestamp`) VALUES
(1,	-2,	'Yes',	'system',	1578406089),
(1,	-1,	'VHA05',	'system',	1578406089),
(1,	5,	'(919) 695-3426',	'vhawasgaom1',	1594751001),
(1,	6,	'Michael.Gao@va.gov',	'vhawasgaom1',	1594751001),
(1,	8,	'Washington D.C',	'system',	1594751001),
(1,	23,	'Health Systems Specialist',	'system',	1594751001),
(2,	-2,	'Yes',	'system',	1578406089),
(2,	-1,	'VHA17',	'system',	1578406089),
(2,	5,	'(210) 694-6222',	'system',	1594751001),
(2,	6,	'Zachary.Collins@va.gov',	'system',	1594751001),
(2,	8,	'South Texas VHCS',	'system',	1594751001),
(2,	16,	'210-279-9933',	'system',	1578406089),
(2,	23,	'VISN 17 Clinical Engineer',	'system',	1594751001),
(4,	-2,	'Yes',	'system',	1578406089),
(4,	-1,	'dva.va.gov',	'system',	1578406089),
(4,	1,	'IMG_2703.jpg',	'vhacohendeb',	1578406089),
(4,	5,	'404-797-5850',	'system',	1594751001),
(4,	6,	'Blake.Henderson@va.gov',	'system',	1594751001),
(4,	8,	'VACO 10P7I',	'system',	1594751001),
(4,	16,	'',	'system',	1578406089),
(4,	23,	'Innovation Coordinator',	'system',	1594751001),
(5,	-2,	'Yes',	'system',	1578406089),
(5,	-1,	'VHA03',	'system',	1578406089),
(5,	5,	'914-737-4400, x3135',	'system',	1594751001),
(5,	6,	'Celeste.Hill2@va.gov',	'system',	1594751001),
(5,	8,	'Infrastructure Operations (IO)',	'system',	1594751001),
(5,	16,	'914-943-8927',	'system',	1578406089),
(5,	23,	'IT Analyst - Applications',	'system',	1594751001),
(6,	5,	'704-638-9000 Ext. 6386',	'vhawasgaom1',	1480449601),
(6,	6,	'Stephanie.Triplett@va.gov',	'vhawasgaom1',	1480449601),
(6,	8,	'Salisbury VAMC\\; Building 1',	'vhawasgaom1',	1480449601),
(7,	-2,	'Yes',	'system',	1578406089),
(7,	-1,	'VHA07',	'system',	1578406089),
(7,	5,	'(843) 577-5011 ext 6365',	'system',	1594751001),
(7,	6,	'Eric.Cook2@va.gov',	'system',	1594751001),
(7,	8,	'Charleston VAMC',	'system',	1594751001),
(7,	16,	'',	'system',	1578406089),
(7,	23,	'Supervisory HR Specialist (Operations)',	'system',	1594751001),
(8,	-2,	'Yes',	'system',	1578406089),
(8,	-1,	'VHA09',	'system',	1578406089),
(8,	5,	'(727) 258-1957',	'system',	1594751001),
(8,	6,	'Spencer.Collins3@va.gov',	'system',	1594751001),
(8,	8,	'Remote VA Employee',	'system',	1594751001),
(8,	16,	'',	'system',	1578406090),
(8,	23,	'Management Analyst',	'system',	1594751001),
(10,	-2,	'Yes',	'system',	1578406090),
(10,	-1,	'VHA16',	'system',	1578406090),
(10,	5,	'850-293-0858',	'system',	1594751001),
(10,	6,	'Stefan.Test@va.gov',	'system',	1594751001),
(10,	8,	'Infrastructure Operations (IO)',	'system',	1594751001),
(10,	16,	'850-293-0858',	'system',	1578406090),
(10,	23,	'Applications Manager',	'system',	1594751001),
(11,	-2,	'Yes',	'system',	1578406090),
(11,	-1,	'VHA17',	'system',	1578406090),
(11,	5,	'(254) 743-1694',	'system',	1594751001),
(11,	6,	'Susan.Redmond@va.gov',	'system',	1594751001),
(11,	8,	'Infrastructure Operations (IO)',	'system',	1594751001),
(11,	16,	'(254) 466-0656',	'system',	1578406090),
(11,	23,	'Senior IT Analyst',	'system',	1594751001),
(12,	6,	'Minerva.Mason@va.gov',	'viaLogin',	1484343056),
(13,	6,	'Christopher.Lockwood@va.gov',	'viaLogin',	1485819101),
(15,	-2,	'Yes',	'system',	1578406090),
(15,	-1,	'vha.med.va.gov',	'system',	1578406090),
(15,	5,	'(561) 214-2058',	'system',	1594751001),
(15,	6,	'Stacy.Washington@va.gov',	'system',	1594751001),
(15,	8,	'VACO 10A5',	'system',	1594751001),
(15,	16,	'(540) 505-1719',	'system',	1578406090),
(15,	23,	'Project Manager',	'system',	1594751001),
(16,	-2,	'Yes',	'system',	1578406090),
(16,	-1,	'VHA07',	'system',	1578406090),
(16,	5,	'(803) 776-4000 x6646',	'system',	1594751001),
(16,	6,	'Mark.Nichols@va.gov',	'system',	1594751001),
(16,	8,	'BLDG 106 RM A220a',	'VHACMSNichoM',	1594751001),
(16,	16,	'',	'system',	1578406090),
(16,	23,	'Program Specialist',	'system',	1594751001),
(17,	-2,	'Yes',	'system',	1578406090),
(17,	-1,	'VHA07',	'system',	1578406090),
(17,	5,	'(706)726-5489',	'system',	1594751001),
(17,	6,	'Charlene.Jackson@va.gov',	'system',	1594751001),
(17,	8,	'10P2A',	'system',	1594751001),
(17,	16,	'(706) 833-3593',	'system',	1578406090),
(17,	23,	'Program Analyst, Health Systems',	'system',	1594751002),
(18,	-2,	'Yes',	'system',	1578406090),
(18,	-1,	'VHA18',	'system',	1578406090),
(18,	5,	'602-277-5551 x4244',	'system',	1594751002),
(18,	6,	'Andrew.Ryan-Cabot@va.gov',	'system',	1594751002),
(18,	8,	'PVAHCS',	'system',	1594751002),
(18,	16,	'',	'system',	1578406090),
(18,	23,	'Systems and Procedures Analyst',	'system',	1594751002),
(25,	-2,	'Yes',	'system',	1578406090),
(25,	-1,	'VHA18',	'system',	1578406090),
(25,	5,	'602-277-5551',	'system',	1594751002),
(25,	6,	'Elmer.Moore@va.gov',	'system',	1594751002),
(25,	8,	'PVAHCS',	'system',	1594751002),
(25,	16,	'',	'system',	1578406090),
(25,	23,	'PAS',	'system',	1594751002),
(26,	-2,	'Yes',	'system',	1578406090),
(26,	-1,	'VHA18',	'system',	1578406090),
(26,	5,	'432-263-7361ext 7125',	'system',	1594751002),
(26,	6,	'Lori.Gonzales@va.gov',	'system',	1594751002),
(26,	8,	'West Texas VA HCS',	'system',	1594751002),
(26,	16,	'432-466-4208',	'system',	1578406090),
(26,	23,	'Health Systems Specialist',	'system',	1594751002),
(27,	-2,	'Yes',	'system',	1578406090),
(27,	-1,	'VHA03',	'system',	1578406090),
(27,	5,	'5555',	'system',	1594751002),
(27,	6,	'Ecar.Test@va.gov',	'system',	1594751002),
(27,	16,	'',	'system',	1578406090),
(27,	23,	'Comp Spec',	'system',	1594751002),
(28,	-2,	'Yes',	'system',	1578406090),
(28,	-1,	'VHA16',	'system',	1578406090),
(28,	5,	'405-456-4155',	'system',	1594751002),
(28,	6,	'Mark.Hooten@va.gov',	'system',	1594751002),
(28,	8,	'001-EDU',	'system',	1594751002),
(28,	16,	'',	'system',	1578406090),
(28,	23,	'Designated Learning Officer',	'system',	1594751002),
(29,	-2,	'Yes',	'system',	1578406090),
(29,	-1,	'VHA20',	'system',	1578406090),
(29,	5,	'(208) 429-2052',	'system',	1594751002),
(29,	6,	'Bernice.Reber@va.gov',	'system',	1594751002),
(29,	8,	'End User Operations (EUO)',	'system',	1594751002),
(29,	16,	'(208) 890-3690',	'system',	1578406090),
(29,	23,	'IT Analyst, Unified Communications Infrastructure Support-Cisco',	'system',	1594751002),
(30,	-2,	'No',	'system',	1578406090),
(30,	-1,	'VHA21',	'system',	1578406090),
(30,	5,	'415-515-8594',	'system',	1594751002),
(30,	6,	'Charles.ThompsonJR@va.gov',	'system',	1594751002),
(30,	8,	'San Francisco VA Health Care System',	'system',	1594751002),
(30,	23,	'IT Project Manager',	'system',	1594751002),
(31,	-2,	'Yes',	'system',	1578406090),
(31,	-1,	'VHA09',	'system',	1578406090),
(31,	5,	'423-979-3514',	'system',	1594751002),
(31,	6,	'Joseph.Windham@va.gov',	'system',	1594751002),
(31,	8,	'James H. Quillen VA Medical Center',	'system',	1594751002),
(31,	16,	'423-426-7828',	'system',	1578406090),
(31,	23,	'Administrative Officer/AD',	'system',	1594751002),
(32,	-2,	'Yes',	'system',	1578406090),
(32,	-1,	'VHA23',	'system',	1578406090),
(32,	5,	'651-208-3713',	'system',	1594751002),
(32,	6,	'Christa.Kramer@va.gov',	'system',	1594751002),
(32,	8,	'Minneapolis VAMC',	'system',	1594751002),
(32,	16,	'',	'system',	1578406090),
(32,	23,	'MANAGEMENT & PROGRAM ANALYST',	'system',	1594751002),
(33,	-2,	'Yes',	'system',	1578406090),
(33,	-1,	'VHA11',	'system',	1578406090),
(33,	5,	'734-478-7103',	'system',	1594751002),
(33,	6,	'Linda.Harrison2@va.gov',	'system',	1594751002),
(33,	8,	'Office of Patient Centered Care and Cultural Transformation',	'system',	1594751002),
(33,	16,	'',	'system',	1578406091),
(33,	23,	'Health Systems Specialist',	'system',	1594751002),
(34,	-2,	'Yes',	'system',	1578406091),
(34,	-1,	'VHA15',	'system',	1578406091),
(34,	5,	'314-652-4100 x63957',	'system',	1594751002),
(34,	6,	'Kyle.Govero@va.gov',	'system',	1594751002),
(34,	8,	'HR',	'system',	1594751002),
(34,	16,	'',	'system',	1578406091),
(34,	23,	'HR Specialist (Information Systems)',	'system',	1594751002),
(35,	-2,	'Yes',	'system',	1578406091),
(35,	-1,	'VHA20',	'system',	1578406091),
(35,	5,	'(206) 277-1127',	'system',	1594751002),
(35,	6,	'Bruce.Gibson2@va.gov',	'system',	1594751002),
(35,	8,	'End User Operations (EUO)',	'system',	1594751002),
(35,	16,	'206-446-7975',	'system',	1578406091),
(35,	23,	'OI&T Area Manager (Puget Sound)',	'system',	1594751002),
(36,	-2,	'Yes',	'system',	1578406091),
(36,	-1,	'VHA11',	'system',	1578406091),
(36,	5,	'989 497-2500 x 11886',	'system',	1594751002),
(36,	6,	'Angela.Gilmore1@va.gov',	'system',	1594751002),
(36,	8,	'Saginaw, 655/006',	'system',	1594751002),
(36,	16,	'',	'system',	1578406091),
(36,	23,	'Visual Information Specialist',	'system',	1594751002),
(37,	-2,	'Yes',	'system',	1578406091),
(37,	-1,	'VHA23',	'system',	1578406091),
(37,	5,	'515-699-5598',	'system',	1594751002),
(37,	6,	'Emily.Landis@va.gov',	'system',	1594751002),
(37,	8,	'CIH DES Division',	'system',	1594751002),
(37,	16,	'',	'system',	1578406091),
(37,	23,	'Human Resources Specialist',	'system',	1594751002),
(38,	-2,	'Yes',	'system',	1578406091),
(38,	-1,	'VHA19',	'system',	1578406091),
(38,	5,	'801-582-1565 x1494',	'VHASLCDelgaD',	1594751002),
(38,	6,	'Devan.Delgado@va.gov',	'system',	1594751002),
(38,	8,	'Salt Lake City VAMC',	'system',	1594751002),
(38,	16,	'',	'system',	1578406091),
(38,	23,	'VISN 19 BOSS AO',	'system',	1594751002),
(39,	-2,	'Yes',	'system',	1578406091),
(39,	-1,	'VHA18',	'system',	1578406091),
(39,	5,	'928-445-4860 6252',	'system',	1594751002),
(39,	6,	'Susan.Hall5@va.gov',	'system',	1594751002),
(39,	8,	'NAVAHCS, Prescott, AZ',	'system',	1594751002),
(39,	16,	'(928) 460-1102',	'system',	1578406091),
(39,	23,	'LEAF Chief Learning Officer/Mgmt. Analyst',	'system',	1594751002),
(40,	5,	'859-233-4511 ext 3927',	'imported',	1501178237),
(40,	6,	'Darrin.Sears@va.gov',	'imported',	1501178237),
(40,	8,	'VAMC-Lexington HRMS',	'imported',	1501178237),
(40,	23,	'Human Resources Specialist',	'imported',	1501178237),
(41,	-2,	'Yes',	'system',	1578406091),
(41,	-1,	'VHA18',	'system',	1578406091),
(41,	5,	'(520) 792-1450 Ext 4074',	'system',	1594751002),
(41,	6,	'Timothy.AbriolaJr@va.gov',	'system',	1594751002),
(41,	8,	'SAVAHCS, Tucson',	'system',	1594751003),
(41,	16,	'(520) 591-6251',	'system',	1578406091),
(41,	23,	'Program Analyst (Informatics)',	'system',	1594751003),
(42,	-2,	'Yes',	'system',	1578406091),
(42,	-1,	'VHA21',	'system',	1578406091),
(42,	5,	'(707) 339-6336',	'system',	1594751003),
(42,	6,	'Ginger.Bowles@va.gov',	'system',	1594751003),
(42,	8,	'Fiscal Service',	'system',	1594751003),
(42,	16,	'',	'system',	1578406091),
(42,	23,	'Program Analyst',	'system',	1594751003),
(43,	-2,	'Yes',	'system',	1578406091),
(43,	-1,	'VHA11',	'system',	1578406091),
(43,	5,	'269-223-5291',	'system',	1594751003),
(43,	6,	'Beth.Jacobson@va.gov',	'system',	1594751003),
(43,	8,	'Battle Creek VAMC',	'system',	1594751003),
(43,	16,	'',	'system',	1578406091),
(43,	23,	'HR Specialist (ELR)',	'system',	1594751003),
(44,	-2,	'Yes',	'system',	1578406091),
(44,	-1,	'VHA20',	'system',	1578406091),
(44,	5,	'208-695-0700',	'system',	1594751003),
(44,	6,	'Matthew.Rogers5@va.gov',	'system',	1594751003),
(44,	8,	'Boise VAMC',	'system',	1594751003),
(44,	16,	'208-695-0700',	'system',	1578406091),
(44,	23,	'National CRH Director',	'system',	1594751003),
(45,	-2,	'Yes',	'system',	1578406091),
(45,	-1,	'vha.med.va.gov',	'system',	1578406091),
(45,	5,	'801-924-2181',	'system',	1594751003),
(45,	6,	'Dandy.Diddle@va.gov',	'system',	1594751003),
(45,	8,	'Salt Lake OIFO',	'system',	1594751003),
(45,	16,	'',	'system',	1578406091),
(45,	23,	'It specialist (AppSW)',	'system',	1594751003),
(46,	6,	'Amy.Maloy@va.gov',	'viaLogin',	1505245674),
(47,	-2,	'Yes',	'system',	1578406091),
(47,	-1,	'dva.va.gov',	'system',	1578406091),
(47,	5,	'(202) 461-5200',	'system',	1594751003),
(47,	6,	'Ahmad.Zaghal@va.gov',	'system',	1594751003),
(47,	8,	'005Q',	'system',	1594751003),
(47,	16,	'',	'system',	1578406091),
(47,	23,	'Contractor',	'system',	1594751003),
(48,	-2,	'Yes',	'system',	1578406091),
(48,	-1,	'dva.va.gov',	'system',	1578406091),
(48,	5,	'202-461-8852',	'system',	1594751003),
(48,	6,	'Alastair.Vokach-Brodsky@va.gov',	'system',	1594751003),
(48,	8,	'005Q3',	'system',	1594751003),
(48,	16,	'301-708-9667',	'system',	1578406091),
(48,	23,	'Contractor',	'system',	1594751003),
(49,	-2,	'Yes',	'system',	1578406091),
(49,	-1,	'vha.med.va.gov',	'system',	1578406091),
(49,	5,	'(202) 461-5451',	'system',	1594751003),
(49,	6,	'Ariel.Olivera@va.gov',	'system',	1594751003),
(49,	8,	'005Q3',	'system',	1594751003),
(49,	16,	'(703) 503-3310',	'system',	1578406091),
(49,	23,	'Section 508 Auditor',	'system',	1594751003),
(50,	-2,	'Yes',	'system',	1578406091),
(50,	-1,	'dva.va.gov',	'system',	1578406091),
(50,	5,	'(202) 461-5535',	'system',	1594751003),
(50,	6,	'Jamie.Farber@va.gov',	'system',	1594751003),
(50,	8,	'005Q3',	'system',	1594751003),
(50,	16,	'',	'system',	1578406092),
(50,	23,	'Contractor',	'system',	1594751003),
(51,	6,	'Monica.Robinson1@va.gov',	'system',	1594751003),
(52,	-2,	'Yes',	'system',	1578406092),
(52,	-1,	'dva.va.gov',	'system',	1578406092),
(52,	5,	'(202) 461-5208',	'system',	1594751003),
(52,	6,	'Michael.Burks@va.gov',	'system',	1594751003),
(52,	8,	'005Q',	'system',	1594751003),
(52,	16,	'',	'system',	1578406092),
(52,	23,	'Contractor',	'system',	1594751003),
(53,	-2,	'Yes',	'system',	1578406092),
(53,	-1,	'VHA21',	'system',	1578406092),
(53,	5,	'559-225-6100 Ex 3720',	'system',	1594751003),
(53,	6,	'Keven.Backman@va.gov',	'system',	1594751003),
(53,	8,	'Human Resources',	'system',	1594751003),
(53,	16,	'',	'system',	1578406092),
(53,	23,	'HR Specialist (HRIS)',	'system',	1594751003),
(54,	-2,	'Yes',	'system',	1578406092),
(54,	-1,	'VHA09',	'system',	1578406092),
(54,	5,	'423 926-1171 x7294',	'system',	1594751003),
(54,	6,	'Joshua.Lange@va.gov',	'system',	1594751003),
(54,	8,	'James H. Quillen VA Medical Center',	'system',	1594751003),
(54,	16,	'',	'system',	1578406092),
(54,	23,	'Administrative Officer',	'system',	1594751003),
(55,	-2,	'Yes',	'system',	1578406092),
(55,	-1,	'VHA18',	'system',	1578406092),
(55,	5,	'928-445-4860 ext. 6325',	'system',	1594751003),
(55,	6,	'Shayla.Ramos@va.gov',	'system',	1594751003),
(55,	8,	'NAVAHCS, Prescott, AZ',	'system',	1594751003),
(55,	16,	'',	'system',	1578406092),
(55,	23,	'System Redesign Coordinator',	'system',	1594751003),
(56,	5,	'(703) 594-8610',	'imported',	1507832335),
(56,	6,	'Crystal.Makle@va.gov',	'imported',	1507832335),
(56,	8,	'008C',	'imported',	1507832335),
(56,	23,	'Contractor',	'imported',	1507832335),
(57,	-2,	'Yes',	'system',	1578406092),
(57,	-1,	'VHA20',	'system',	1578406092),
(57,	5,	'253-583-1583',	'system',	1594751003),
(57,	6,	'Mark.Prewitt@va.gov',	'system',	1594751003),
(57,	8,	'VAPSHCS - SEATTLE: CED - Center for Education and Development - Education',	'system',	1594751003),
(57,	16,	'253-307-7964',	'system',	1578406092),
(57,	23,	'PERMANENT, Training Specialist',	'system',	1594751003),
(58,	-2,	'Yes',	'system',	1578406092),
(58,	-1,	'VHA20',	'system',	1578406092),
(58,	5,	'(206) 764-2576',	'system',	1594751003),
(58,	6,	'Rita.Hedge@va.gov',	'system',	1594751003),
(58,	8,	'VAPSHCS - SEATTLE',	'system',	1594751003),
(58,	16,	'',	'system',	1578406092),
(58,	23,	'Program Specialist',	'system',	1594751003),
(59,	-2,	'Yes',	'system',	1578406092),
(59,	-1,	'VHA20',	'system',	1578406092),
(59,	5,	'206-277-6135',	'vhapugRoyseR',	1594751003),
(59,	6,	'Richard.Royse@va.gov',	'system',	1594751003),
(59,	8,	'VAPSHCS - SEATTLE: CED - Center for Education and Development - Education',	'vhapugRoyseR',	1594751003),
(59,	16,	'760-917-2268',	'system',	1578406092),
(59,	23,	'Supervisory Health Care Education Specialist',	'system',	1594751003),
(60,	-2,	'Yes',	'system',	1578406092),
(60,	-1,	'VHA06',	'system',	1578406092),
(60,	5,	'919-383-7874, Option 1, Ext 2330',	'system',	1594751003),
(60,	6,	'Lesa.Hall@va.gov',	'system',	1594751004),
(60,	8,	'Durham VAMC',	'system',	1594751004),
(60,	16,	'',	'system',	1578406092),
(60,	23,	'Program Analyst',	'system',	1594751004),
(61,	-2,	'Yes',	'system',	1578406092),
(61,	-1,	'VHA18',	'system',	1578406092),
(61,	5,	'602-212-2068',	'system',	1594751004),
(61,	6,	'Paul.Coupaud@va.gov',	'system',	1594751004),
(61,	8,	'PVAHCS',	'system',	1594751004),
(61,	16,	'480-433-7516',	'system',	1578406092),
(61,	23,	'Health System Specialist',	'system',	1594751004),
(62,	-2,	'Yes',	'system',	1578406092),
(62,	-1,	'VHA18',	'system',	1578406092),
(62,	5,	'602-277-5551 x7791',	'system',	1594751004),
(62,	6,	'Jennifer.Schaade@va.gov',	'system',	1594751004),
(62,	8,	'PVAHCS',	'system',	1594751004),
(62,	16,	'',	'system',	1578406092),
(62,	23,	'Administrative Officer',	'system',	1594751004),
(63,	-2,	'Yes',	'system',	1578406092),
(63,	-1,	'VHA18',	'system',	1578406092),
(63,	5,	'915-564-6100 x7918',	'system',	1594751004),
(63,	6,	'Anthony.Earwood@va.gov',	'system',	1594751004),
(63,	8,	'Director',	'system',	1594751004),
(63,	16,	'',	'system',	1578406092),
(63,	23,	'VERA Coordinator',	'system',	1594751004),
(64,	-2,	'No',	'system',	1578406092),
(64,	-1,	'VHA09',	'system',	1578406092),
(64,	5,	'423 926-1171  x7679',	'system',	1594751004),
(64,	6,	'Deborah.Costello@va.gov',	'system',	1594751004),
(64,	8,	'James H. Quillen VAMC',	'system',	1594751004),
(64,	16,	'',	'system',	1578406092),
(64,	23,	'Administrative Officer\\;',	'system',	1594751004),
(65,	-2,	'Yes',	'system',	1578406092),
(65,	-1,	'aac.dva.va.gov',	'system',	1578406092),
(65,	5,	'830-772-6050',	'system',	1594751004),
(65,	6,	'Christopher.Walker4@va.gov',	'system',	1594751004),
(65,	8,	'508 Office',	'system',	1594751004),
(65,	16,	'',	'system',	1578406092),
(65,	23,	'Information Technology Specialist',	'system',	1594751004),
(66,	5,	'928-445-4860 x6300',	'imported',	1512074684),
(66,	6,	'Mary.Pugh@va.gov',	'imported',	1512074684),
(66,	23,	'Human Resource Officer',	'imported',	1512074684),
(67,	-2,	'Yes',	'system',	1578406092),
(67,	-1,	'VHA01',	'system',	1578406092),
(67,	5,	'207-623-8411 x5441',	'system',	1594751004),
(67,	6,	'Susan.Robinson1@va.gov',	'system',	1594751004),
(67,	8,	'VA Maine Healthcare System',	'system',	1594751004),
(67,	16,	'',	'system',	1578406092),
(67,	23,	'Clinical Applications Coordinator',	'system',	1594751004),
(68,	-2,	'Yes',	'system',	1578406092),
(68,	-1,	'VHA03',	'system',	1578406093),
(68,	5,	'631-261-4400 ext 7820',	'system',	1594751004),
(68,	6,	'Lonnie.Neumar@va.gov',	'system',	1594751004),
(68,	8,	'Northport VAMC',	'system',	1594751004),
(68,	16,	'631-260-7363',	'system',	1578406093),
(68,	23,	'NURSE',	'system',	1594751004),
(69,	-2,	'Yes',	'system',	1578406093),
(69,	-1,	'VHA08',	'system',	1578406093),
(69,	5,	'(305) 575-7000 ext. 4540',	'system',	1594751004),
(69,	6,	'Ruth.Studstill@va.gov',	'system',	1594751004),
(69,	8,	'Miami VAMC',	'system',	1594751004),
(69,	16,	'',	'system',	1578406093),
(69,	23,	'Health System Specialist for AD of Patient Care Services',	'system',	1594751004),
(70,	-2,	'Yes',	'system',	1578406093),
(70,	-1,	'VHA07',	'system',	1578406093),
(70,	5,	'(706) 733-0188 x1841',	'system',	1594751004),
(70,	6,	'James.Hill5@va.gov',	'system',	1594751004),
(70,	8,	'Augusta VAMC',	'system',	1594751004),
(70,	16,	'(706) 955-3470',	'system',	1578406093),
(70,	23,	'Administrative Officer',	'system',	1594751004),
(71,	-2,	'No',	'system',	1578406093),
(71,	-1,	'VHA23',	'system',	1578406093),
(71,	5,	'320.255.6480 x7341',	'system',	1594751004),
(71,	6,	'Kathryn.Schieffert@va.gov',	'system',	1594751004),
(71,	8,	'St. Cloud VAMC',	'system',	1594751004),
(71,	16,	'',	'system',	1578406093),
(71,	23,	'Program Analyst',	'system',	1594751004),
(72,	-2,	'Yes',	'system',	1578406093),
(72,	-1,	'VHA05',	'system',	1578406093),
(72,	5,	'304-263-0811 x4620',	'system',	1594751004),
(72,	6,	'Lisa.Triplett@va.gov',	'system',	1594751004),
(72,	8,	'Martinsburg VAMC',	'system',	1594751004),
(72,	16,	'',	'system',	1578406093),
(72,	23,	'Registered Nurse - Nursing Service',	'system',	1594751004),
(73,	-2,	'Yes',	'system',	1578406093),
(73,	-1,	'VHA10',	'system',	1578406093),
(73,	5,	'x6509',	'system',	1594751004),
(73,	6,	'Scott.Culver@va.gov',	'system',	1594751004),
(73,	8,	'Cincinnati VAMC',	'system',	1594751004),
(73,	16,	'',	'system',	1578406093),
(73,	23,	'LPN',	'system',	1594751004),
(74,	-2,	'No',	'system',	1578406093),
(74,	-1,	'VHA01',	'system',	1578406093),
(74,	5,	'781 687-4741',	'system',	1594751004),
(74,	6,	'Bobby.Edwards@va.gov',	'system',	1594751004),
(74,	16,	'',	'system',	1578406093),
(74,	23,	'Presidential Management Fellow ND',	'system',	1594751004),
(75,	-2,	'Yes',	'system',	1578406093),
(75,	-1,	'VHA18',	'system',	1578406093),
(75,	5,	'915-564-6100 x6205',	'system',	1594751004),
(75,	6,	'Rebecca.Alvarado@va.gov',	'system',	1594751004),
(75,	8,	'Mental Health Service',	'system',	1594751004),
(75,	16,	'915-238-3539',	'system',	1578406093),
(75,	23,	'Mental Health Administrative Officer',	'system',	1594751004),
(76,	-2,	'Yes',	'system',	1578406093),
(76,	-1,	'VHA01',	'system',	1578406093),
(76,	5,	'857-203-4860',	'system',	1594751004),
(76,	6,	'Andrew.Risio@va.gov',	'system',	1594751004),
(76,	8,	'VA Boston Healthcare System',	'system',	1594751004),
(76,	16,	'617-581-3951',	'system',	1578406093),
(76,	23,	'Strategic Planner',	'system',	1594751004),
(77,	-2,	'Yes',	'system',	1578406093),
(77,	-1,	'VHA01',	'system',	1578406093),
(77,	5,	'207-623-8411 x5442',	'system',	1594751004),
(77,	6,	'Kristi.Brown@va.gov',	'system',	1594751004),
(77,	8,	'VA Maine Healthcare System',	'system',	1594751004),
(77,	16,	'',	'system',	1578406093),
(77,	23,	'V1 Clinical Apps. Informatics Specialist',	'system',	1594751004),
(78,	-2,	'Yes',	'system',	1578406093),
(78,	-1,	'VHA19',	'system',	1578406093),
(78,	5,	'307.778.7550 x3934',	'system',	1594751004),
(78,	6,	'Samantha.Perez@va.gov',	'system',	1594751004),
(78,	8,	'Cheyenne VAMC',	'system',	1594751004),
(78,	16,	'',	'system',	1578406093),
(78,	23,	'IT Specialist',	'system',	1594751005),
(79,	-2,	'Yes',	'system',	1578406093),
(79,	-1,	'VHA21',	'system',	1578406093),
(79,	5,	'(808) 433-3129',	'system',	1594751005),
(79,	6,	'Candace.Larson@va.gov',	'system',	1594751005),
(79,	8,	'VA Pacific Islands Health Care System',	'system',	1594751005),
(79,	16,	'',	'system',	1578406093),
(79,	23,	'Training Specialist',	'system',	1594751005),
(80,	-2,	'Yes',	'system',	1578406093),
(80,	-1,	'VHA21',	'system',	1578406093),
(80,	5,	'(415) 716-8505',	'system',	1594751005),
(80,	6,	'Carol.Phan@va.gov',	'system',	1594751005),
(80,	8,	'End User Operations (EUO)',	'system',	1594751005),
(80,	16,	'415-716-8505',	'system',	1578406093),
(80,	23,	'Information System Security Officer (Palo Alto ISSO)',	'system',	1594751005),
(81,	-2,	'Yes',	'system',	1578406093),
(81,	-1,	'VHA08',	'system',	1578406093),
(81,	5,	'(813) 972-2000 x6947',	'system',	1594751005),
(81,	6,	'Melvin.Abreu@va.gov',	'system',	1594751005),
(81,	8,	'Tampa VAMC',	'system',	1594751005),
(81,	16,	'(813) 451-1379',	'system',	1578406094),
(81,	23,	'Audio Visual Production Specialist',	'system',	1594751005),
(82,	-2,	'Yes',	'system',	1578406094),
(82,	-1,	'VHA20',	'system',	1578406094),
(82,	5,	'208-422-1562',	'system',	1594751005),
(82,	6,	'Tonya.Eusepi@va.gov',	'system',	1594751005),
(82,	8,	'Boise VAMC',	'system',	1594751005),
(82,	16,	'',	'system',	1578406094),
(82,	23,	'Human Resources Officer',	'system',	1594751005),
(83,	5,	'202-461-5574',	'imported',	1516905137),
(83,	6,	'Tesfaye.Boru@va.gov',	'imported',	1516905137),
(83,	8,	'005Q',	'imported',	1516905137),
(83,	23,	'Contractor',	'imported',	1516905137),
(84,	6,	'Henrique.Barreto@va.gov',	'viaLogin',	1518629175),
(85,	-2,	'Yes',	'system',	1578406094),
(85,	-1,	'vba.va.gov',	'system',	1578406094),
(85,	5,	'(313) 596-7210',	'system',	1594751005),
(85,	6,	'Brenda.Savoy@va.gov',	'system',	1594751005),
(85,	8,	'Detroit Human Resources Center',	'system',	1594751005),
(85,	16,	'',	'system',	1578406094),
(85,	23,	'Director',	'system',	1594751005),
(86,	-2,	'Yes',	'system',	1578406094),
(86,	-1,	'VHA15',	'system',	1578406094),
(86,	1,	'2012-01-25 10.39.05.jpg',	'VHAPOPVarneA',	1578406094),
(86,	5,	'573-778-4180',	'system',	1594751005),
(86,	6,	'Antonia.Varner@va.gov',	'system',	1594751005),
(86,	8,	'Poplar-Bluff VAMC',	'system',	1594751005),
(86,	16,	'573-718-3681',	'system',	1578406094),
(86,	23,	'MyHealtheVet Coordinator',	'system',	1594751005),
(87,	-2,	'Yes',	'system',	1578406094),
(87,	-1,	'VHA16',	'system',	1578406094),
(87,	5,	'918-348-9866',	'system',	1594751005),
(87,	6,	'JOSEPH.SELLNER@va.gov',	'system',	1594751005),
(87,	8,	'Health Information Support Services',	'system',	1594751005),
(87,	16,	'',	'system',	1578406094),
(87,	23,	'DSS Site Manager',	'system',	1594751005),
(88,	5,	'614-257-5268',	'imported',	1518718507),
(88,	6,	'Susan.Parker7@va.gov',	'imported',	1518718507),
(88,	8,	'Columbus VAACC',	'imported',	1518718507),
(88,	23,	'Assistant Fiscal Officer',	'imported',	1518718507),
(89,	-2,	'Yes',	'system',	1578406094),
(89,	-1,	'VHA08',	'system',	1578406094),
(89,	5,	'(305) 575-7000 x6749',	'system',	1594751005),
(89,	6,	'Karen.Jefferson@va.gov',	'system',	1594751005),
(89,	8,	'Miami VAMC',	'system',	1594751005),
(89,	16,	'',	'system',	1578406094),
(89,	23,	'ADMINISTRATIVE OFFICER',	'system',	1594751005),
(90,	-2,	'Yes',	'system',	1578406094),
(90,	-1,	'VHA09',	'system',	1578406094),
(90,	5,	'502-287-5733',	'system',	1594751005),
(90,	6,	'Gail.Sprigler@va.gov',	'system',	1594751005),
(90,	8,	'Louisville, KY VAMC',	'system',	1594751005),
(90,	16,	'',	'system',	1578406094),
(90,	23,	'Chief, Education Service',	'system',	1594751005),
(91,	-2,	'Yes',	'system',	1578406094),
(91,	-1,	'dva.va.gov',	'system',	1578406094),
(91,	5,	'202-632-4149',	'system',	1594751005),
(91,	6,	'Cortecia.Boyd@va.gov',	'system',	1594751005),
(91,	8,	'10NA3',	'system',	1594751005),
(91,	16,	'',	'system',	1578406094),
(91,	23,	'Health System Specialist',	'system',	1594751005),
(92,	-2,	'Yes',	'system',	1578406094),
(92,	-1,	'vha.med.va.gov',	'system',	1578406094),
(92,	5,	'615-355-3369',	'system',	1594751005),
(92,	6,	'Ruby.Hernandez2@va.gov',	'system',	1594751005),
(92,	16,	'',	'system',	1578406094),
(92,	23,	'CPI Coordinator',	'system',	1594751005),
(93,	-2,	'Yes',	'system',	1578406094),
(93,	-1,	'vha.med.va.gov',	'system',	1578406094),
(93,	5,	'913-578-4262',	'system',	1594751005),
(93,	6,	'Susan.Schavee@va.gov',	'system',	1594751005),
(93,	8,	'Quality and Performance 10D1C3',	'system',	1594751005),
(93,	16,	'',	'system',	1578406094),
(93,	23,	'Program Analyst (Systems Redesign Coordinator)',	'system',	1594751005),
(94,	-2,	'Yes',	'system',	1578406094),
(94,	-1,	'VHA22',	'system',	1578406094),
(94,	5,	'(858) 642-3476',	'system',	1594751005),
(94,	6,	'Kim-Hanh.Phan@va.gov',	'system',	1594751005),
(94,	8,	'Infrastructure Operations (IO)',	'system',	1594751005),
(94,	16,	'(858) 349-5932',	'system',	1578406094),
(94,	23,	'Senior IT Analyst',	'system',	1594751005),
(95,	-2,	'Yes',	'system',	1578406094),
(95,	-1,	'VHA16',	'system',	1578406094),
(95,	5,	'318-466-4493',	'system',	1594751005),
(95,	6,	'Michelle.Hawkins@va.gov',	'system',	1594751005),
(95,	16,	'',	'system',	1578406094),
(95,	23,	'Supervisory HR Specialist (ER/LR)',	'system',	1594751005),
(96,	-2,	'Yes',	'system',	1578406094),
(96,	-1,	'VHA21',	'system',	1578406094),
(96,	5,	'775-789-6669',	'system',	1594751005),
(96,	6,	'Amanda.Forrester@va.gov',	'system',	1594751005),
(96,	8,	'Reno VAMC',	'system',	1594751005),
(96,	16,	'775-636-3882',	'system',	1578406094),
(96,	23,	'Associate Group Practice Manager',	'system',	1594751005),
(97,	-2,	'Yes',	'system',	1578406094),
(97,	-1,	'VHA09',	'system',	1578406094),
(97,	5,	'615-653-2094',	'system',	1594751005),
(97,	6,	'DavidE.White@va.gov',	'system',	1594751005),
(97,	8,	'Infrastructure Operations (IO)',	'system',	1594751005),
(97,	16,	'',	'system',	1578406095),
(97,	23,	'Senior IT Analyst',	'system',	1594751005),
(98,	-2,	'Yes',	'system',	1578406095),
(98,	-1,	'VHA19',	'system',	1578406095),
(98,	5,	'(970) 242-0731 x3044',	'system',	1594751005),
(98,	6,	'Corey.Andrews@va.gov',	'system',	1594751005),
(98,	8,	'Grand Junction VAMC',	'system',	1594751005),
(98,	16,	'',	'system',	1578406095),
(98,	23,	'Administrative Officer',	'system',	1594751005),
(99,	5,	'614-257-5200 x2886',	'imported',	1520537912),
(99,	6,	'Scott.Wagner@va.gov',	'imported',	1520537912),
(99,	8,	'Columbus VAACC',	'imported',	1520537912),
(99,	23,	'Safety',	'imported',	1520537912),
(100,	-2,	'Yes',	'system',	1578406095),
(100,	-1,	'VHA22',	'system',	1578406095),
(100,	5,	'909-801-5105',	'system',	1594751005),
(100,	6,	'shane.elliott@va.gov',	'system',	1594751005),
(100,	8,	'Loma Linda VAMC',	'system',	1594751006),
(100,	16,	'909-503-2889',	'system',	1578406095),
(100,	23,	'AD for Administration',	'system',	1594751006),
(101,	-2,	'Yes',	'system',	1578406095),
(101,	-1,	'VHA05',	'system',	1578406095),
(101,	5,	'410-605-7000  ext. 3521',	'system',	1594751006),
(101,	6,	'Annette.Burley@va.gov',	'system',	1594751006),
(101,	8,	'Baltimore VAMC',	'system',	1594751006),
(101,	16,	'',	'system',	1578406095),
(101,	23,	'QSI, Program Specialist',	'system',	1594751006),
(102,	-2,	'Yes',	'system',	1578406095),
(102,	-1,	'VHA16',	'system',	1578406095),
(102,	5,	'318-466-2258',	'system',	1594751006),
(102,	6,	'Patricia.Jowers2@va.gov',	'system',	1594751006),
(102,	8,	'VISN16 HRIS Consolidated Unit',	'system',	1594751006),
(102,	16,	'',	'system',	1578406095),
(102,	23,	'HR-Information System Specialist',	'system',	1594751006),
(103,	-2,	'Yes',	'system',	1578406095),
(103,	-1,	'VHA08',	'system',	1578406095),
(103,	5,	'(813) 404-5514',	'system',	1594751006),
(103,	6,	'Deanna.Powell1@va.gov',	'system',	1594751006),
(103,	8,	'Tampa VAMC',	'system',	1594751006),
(103,	16,	'(813) 404-5514',	'system',	1578406095),
(103,	23,	'HR Specialist (Information Systems)',	'system',	1594751006),
(104,	-2,	'Yes',	'system',	1578406095),
(104,	-1,	'VHA06',	'system',	1578406095),
(104,	5,	'804-675-5000 ext.7317',	'system',	1594751006),
(104,	6,	'Veeron.Wilson2@va.gov',	'system',	1594751006),
(104,	8,	'Richmond VAMC',	'system',	1594751006),
(104,	16,	'',	'system',	1578406095),
(104,	23,	'Administrative Officer, Medical Svc, RICVAMC',	'system',	1594751006),
(105,	-2,	'Yes',	'system',	1578406095),
(105,	-1,	'VHA08',	'system',	1578406095),
(105,	5,	'(561) 422-8262 x2517',	'system',	1594751006),
(105,	6,	'Andrew.Crudup@va.gov',	'system',	1594751006),
(105,	8,	'West Palm Beach VAMC',	'system',	1594751006),
(105,	16,	'',	'system',	1578406095),
(105,	23,	'Program Analyst',	'system',	1594751006),
(106,	-2,	'Yes',	'system',	1578406095),
(106,	-1,	'VHA11',	'system',	1578406095),
(106,	5,	'765 674 3321  73849',	'system',	1594751006),
(106,	6,	'Sherry.Rumple@va.gov',	'system',	1594751006),
(106,	8,	'Office of Information and Technology',	'system',	1594751006),
(106,	16,	'765 618 7409',	'system',	1578406095),
(106,	23,	'IT Specialist',	'system',	1594751006),
(107,	-2,	'Yes',	'system',	1578406095),
(107,	-1,	'vha.med.va.gov',	'system',	1578406095),
(107,	5,	'(573) 304-2179',	'system',	1594751006),
(107,	6,	'MaryLou.Scholz@va.gov',	'system',	1594751006),
(107,	8,	'Infrastructure Operations (IO)',	'system',	1594751006),
(107,	16,	'(314) 608-3110',	'system',	1578406095),
(107,	23,	'Supervisory IT Specialist',	'system',	1594751006),
(108,	-2,	'Yes',	'system',	1578406096),
(108,	-1,	'VHA21',	'system',	1578406096),
(108,	5,	'925-372-2297',	'system',	1594751006),
(108,	6,	'Michael.HaysJr@va.gov',	'system',	1594751006),
(108,	8,	'Martinez VA Outpatient Clinic',	'system',	1594751006),
(108,	16,	'',	'system',	1578406096),
(108,	23,	'HR Specialist',	'system',	1594751006),
(109,	-2,	'Yes',	'system',	1578406096),
(109,	-1,	'VHA21',	'system',	1578406096),
(109,	5,	'(916)366-5494',	'system',	1594751006),
(109,	6,	'Anetrya.Miles@va.gov',	'system',	1594751006),
(109,	8,	'Sacramento Medical Center (Mather)',	'system',	1594751006),
(109,	16,	'(916)212-1633',	'system',	1578406096),
(109,	23,	'Administrative Officer For BDMS',	'system',	1594751006),
(110,	-2,	'Yes',	'system',	1578406096),
(110,	-1,	'VHA04',	'system',	1578406096),
(110,	5,	'610-384-7711   x6170',	'system',	1594751006),
(110,	6,	'Donna.Dickson@va.gov',	'system',	1594751006),
(110,	8,	'Coatesville VAMC',	'system',	1594751006),
(110,	16,	'',	'system',	1578406096),
(110,	23,	'HEALTH SYSTEM SPECIALIST',	'system',	1594751006),
(111,	-2,	'Yes',	'system',	1578406096),
(111,	-1,	'VHA08',	'system',	1578406096),
(111,	5,	'(305) 575-7000 x7205',	'system',	1594751006),
(111,	6,	'Fahi.Cloete@va.gov',	'system',	1594751006),
(111,	8,	'Miami VAMC',	'system',	1594751006),
(111,	16,	'(305) 401-6032',	'system',	1578406096),
(111,	23,	'General Engineer',	'system',	1594751006),
(112,	-2,	'Yes',	'system',	1578406096),
(112,	-1,	'VHA10',	'system',	1578406096),
(112,	5,	'(216) 791-3800 x64834',	'system',	1594751006),
(112,	6,	'April.Nash-kacala@va.gov',	'system',	1594751006),
(112,	8,	'Louis Stokes DVA Medical Center Cleveland',	'system',	1594751006),
(112,	16,	'(216) 215-7566',	'system',	1578406096),
(112,	23,	'NUR, Nurse/Staff Nurse',	'system',	1594751006),
(113,	-2,	'Yes',	'system',	1578406096),
(113,	-1,	'VHA10',	'system',	1578406096),
(113,	5,	'614-257-5950',	'system',	1594751006),
(113,	6,	'Amy.Gibbs@va.gov',	'system',	1594751006),
(113,	8,	'Columbus VAACC',	'system',	1594751006),
(113,	16,	'',	'system',	1578406096),
(113,	23,	'Patient Safety Manager',	'system',	1594751006),
(114,	-2,	'Yes',	'system',	1578406096),
(114,	-1,	'VHA04',	'system',	1578406096),
(114,	5,	'412-688-6000',	'system',	1594751006),
(114,	6,	'Kelly.Gibbs@va.gov',	'system',	1594751006),
(114,	8,	'Pittsburgh VAMC',	'system',	1594751006),
(114,	16,	'',	'system',	1578406096),
(114,	23,	'INTERN',	'system',	1594751006),
(115,	-2,	'Yes',	'system',	1578406096),
(115,	-1,	'VHA10',	'system',	1578406096),
(115,	5,	'614-257-5200',	'system',	1594751006),
(115,	6,	'Nicole.Burdine@va.gov',	'system',	1594751006),
(115,	8,	'Columbus VAACC',	'system',	1594751006),
(115,	16,	'',	'system',	1578406096),
(115,	23,	'Licensed Practical Nurse',	'system',	1594751006),
(116,	-2,	'Yes',	'system',	1578406096),
(116,	-1,	'VHA18',	'system',	1578406096),
(116,	5,	'7453',	'system',	1594751006),
(116,	6,	'Joshua.Dillinger@va.gov',	'system',	1594751006),
(116,	8,	'End User Operations (EUO)',	'system',	1594751006),
(116,	16,	'(928) 499-7757',	'system',	1578406096),
(116,	23,	'IT Specialist',	'system',	1594751006),
(117,	-2,	'Yes',	'system',	1578406096),
(117,	-1,	'VHA21',	'system',	1578406096),
(117,	5,	'(415)221-4810, Ext. 2112',	'system',	1594751007),
(117,	6,	'Nelson.Sierra@va.gov',	'system',	1594751007),
(117,	8,	'San Francisco VAMC',	'system',	1594751007),
(117,	16,	'',	'system',	1578406096),
(117,	23,	'Business Manager',	'system',	1594751007),
(118,	5,	'(803) 776-4000 x4937',	'imported',	1524158113),
(118,	6,	'Mellalisha.Brasley@va.gov',	'imported',	1524158113),
(118,	8,	'Business Office',	'imported',	1524158113),
(118,	23,	'Program Specialist',	'imported',	1524158113),
(119,	-2,	'Yes',	'system',	1578406096),
(119,	-1,	'VHA16',	'system',	1578406096),
(119,	5,	'501-257-6781',	'system',	1594751007),
(119,	6,	'Ronald.Braswell@va.gov',	'system',	1594751007),
(119,	8,	'Little Rock VAMC',	'system',	1594751007),
(119,	16,	'',	'system',	1578406096),
(119,	23,	'Staff Physician',	'system',	1594751007),
(120,	-2,	'Yes',	'system',	1578406096),
(120,	-1,	'VHA01',	'system',	1578406096),
(120,	5,	'781-687-2623',	'system',	1594751007),
(120,	6,	'Frank.Stathas@va.gov',	'system',	1594751007),
(120,	8,	'Bedford VAMC',	'system',	1594751007),
(120,	16,	'',	'system',	1578406096),
(120,	23,	'Chief Fiscal Officer',	'system',	1594751007),
(121,	-2,	'Yes',	'system',	1578406096),
(121,	-1,	'VHA16',	'system',	1578406096),
(121,	5,	'501-257-6145',	'system',	1594751007),
(121,	6,	'Amy.Brown6@va.gov',	'system',	1594751007),
(121,	16,	'',	'system',	1578406096),
(121,	23,	'Systems Redesign Coordinator',	'system',	1594751007),
(122,	-2,	'Yes',	'system',	1578406096),
(122,	-1,	'VHA19',	'system',	1578406096),
(122,	5,	'970-242-0731 Ext. 5038',	'system',	1594751007),
(122,	6,	'Diane.Elwer@va.gov',	'system',	1594751007),
(122,	8,	'Grand Junction VAMC',	'system',	1594751007),
(122,	16,	'970-270-5799',	'system',	1578406096),
(122,	23,	'Clinical Application Specialist',	'system',	1594751007),
(123,	-2,	'Yes',	'system',	1578406096),
(123,	-1,	'VHA01',	'system',	1578406096),
(123,	5,	'(781) 687-2663',	'system',	1578406096),
(123,	6,	'Edward.Koetting@va.gov',	'system',	1578406096),
(123,	8,	'Bedford VAMC',	'system',	1578406097),
(123,	16,	'',	'system',	1578406097),
(123,	23,	'Associate Director',	'system',	1578406097),
(124,	-2,	'No',	'system',	1578406097),
(124,	-1,	'VHA03',	'system',	1578406097),
(124,	5,	'914-737-4400, x 2553',	'system',	1594751007),
(124,	6,	'Ann.Aaron@va.gov',	'system',	1594751007),
(124,	8,	'VA Hudson Valley HCS',	'system',	1594751007),
(124,	16,	'',	'system',	1578406097),
(124,	23,	'Human Resource Specialist',	'system',	1594751007),
(125,	-2,	'Yes',	'system',	1578406097),
(125,	-1,	'VHA09',	'system',	1578406097),
(125,	5,	'502-287-6994',	'system',	1594751007),
(125,	6,	'Arto.Aaron@va.gov',	'system',	1594751007),
(125,	8,	'Louisville, KY VAMC',	'system',	1594751007),
(125,	16,	'',	'system',	1578406097),
(125,	23,	'Transportation Coordinator',	'system',	1594751007),
(126,	-2,	'Yes',	'system',	1578406097),
(126,	-1,	'VHA08',	'system',	1578406097),
(126,	5,	'(305) 575-7735 x7735',	'system',	1594751007),
(126,	6,	'Janette.Collins@va.gov',	'system',	1594751007),
(126,	8,	'Miami VAMC',	'system',	1594751007),
(126,	16,	'',	'system',	1578406097),
(126,	23,	'Administrative Officer',	'system',	1594751007),
(127,	-2,	'Yes',	'system',	1578406097),
(127,	-1,	'VHA08',	'system',	1578406097),
(127,	5,	'(787)641-7582 ext. 32962',	'system',	1594751007),
(127,	6,	'Maria.Olivero@va.gov',	'system',	1594751007),
(127,	8,	'2M249',	'system',	1594751007),
(127,	16,	'',	'system',	1578406097),
(127,	23,	'Chief Medical Media Service',	'system',	1594751007),
(128,	-2,	'Yes',	'system',	1578406097),
(128,	-1,	'VHA01',	'system',	1578406097),
(128,	5,	'781-687-4797',	'system',	1594751007),
(128,	6,	'Jeremy.Watkins2@va.gov',	'system',	1594751007),
(128,	8,	'Service Operations - End User Operations',	'system',	1594751007),
(128,	16,	'781-860-3397',	'system',	1578406097),
(128,	23,	'Supervisory IT Specialist',	'system',	1594751007),
(129,	-2,	'Yes',	'system',	1578406097),
(129,	-1,	'VHA06',	'system',	1578406097),
(129,	5,	'(828) 298-7911 Ext. 2276',	'system',	1594751007),
(129,	6,	'Stacey.Berry@va.gov',	'system',	1594751007),
(129,	8,	'Asheville VAMC',	'system',	1594751007),
(129,	16,	'',	'system',	1578406097),
(129,	23,	'Program Analyst',	'system',	1594751007),
(130,	-2,	'Yes',	'system',	1578406097),
(130,	-1,	'VHA08',	'system',	1578406097),
(130,	5,	'(305) 575-7000 x7512',	'system',	1594751007),
(130,	6,	'Sibyl.Bradwell@va.gov',	'system',	1594751007),
(130,	8,	'Miami VAMC',	'system',	1594751007),
(130,	16,	'',	'system',	1578406097),
(130,	23,	'Program Support Asst/PCMM Coord',	'system',	1594751007),
(131,	-2,	'Yes',	'system',	1578406097),
(131,	-1,	'VHA20',	'system',	1578406097),
(131,	5,	'360 567 4671',	'system',	1594751007),
(131,	6,	'Elizabeth.Borzo@va.gov',	'system',	1594751007),
(131,	23,	'HR Specialist',	'system',	1594751007),
(132,	-2,	'Yes',	'system',	1578406097),
(132,	-1,	'VHA18',	'system',	1578406097),
(132,	5,	'806-355-9703x17377',	'system',	1594751007),
(132,	6,	'Rebecca.Gladney@va.gov',	'system',	1594751007),
(132,	8,	'Amarillo VAHCS',	'system',	1594751007),
(132,	16,	'',	'system',	1578406097),
(132,	23,	'Assistant Fiscal Officer',	'system',	1594751007),
(133,	-2,	'Yes',	'system',	1578406097),
(133,	-1,	'dva.va.gov',	'system',	1578406097),
(133,	5,	'540-842-4700',	'system',	1594751007),
(133,	6,	'Crystal.Castle@va.gov',	'system',	1594751007),
(133,	8,	'008C',	'system',	1594751007),
(133,	16,	'(540) 409-8177',	'system',	1578406097),
(133,	23,	'Contractor',	'system',	1594751007),
(134,	-2,	'Yes',	'system',	1578406097),
(134,	-1,	'VHA01',	'system',	1578406097),
(134,	5,	'781-687-2759',	'system',	1594751007),
(134,	6,	'Rita.Gambrell@va.gov',	'system',	1594751007),
(134,	8,	'Bedford VAMC',	'system',	1594751007),
(134,	16,	'',	'system',	1578406097),
(134,	23,	'Administrative Officer, EMS',	'system',	1594751007),
(135,	-2,	'Yes',	'system',	1578406097),
(135,	-1,	'VHA21',	'system',	1578406097),
(135,	5,	'530-879-5033',	'system',	1594751007),
(135,	6,	'Deborah.Sherrod2@va.gov',	'system',	1594751007),
(135,	8,	'Chico',	'system',	1594751007),
(135,	16,	'',	'system',	1578406097),
(135,	23,	'Medical Support Assistant',	'system',	1594751008),
(136,	-2,	'Yes',	'system',	1578406097),
(136,	-1,	'VHA21',	'system',	1578406097),
(136,	5,	'415-716-8590',	'system',	1594751008),
(136,	6,	'Mike.Liu@va.gov',	'system',	1594751008),
(136,	8,	'San Francisco VAMC',	'system',	1594751008),
(136,	16,	'',	'system',	1578406097),
(136,	23,	'Program Specialist',	'system',	1594751008),
(137,	-2,	'Yes',	'system',	1578406097),
(137,	-1,	'VHA10',	'system',	1578406097),
(137,	5,	'(216) 791-2300 x42125',	'system',	1594751008),
(137,	6,	'Ernest.Spear@va.gov',	'system',	1594751008),
(137,	8,	'Louis Stokes Cleveland VA Medical Center',	'system',	1594751008),
(137,	16,	'',	'system',	1578406097),
(137,	23,	'HRMS',	'system',	1594751008),
(138,	-2,	'Yes',	'system',	1578406097),
(138,	-1,	'VHA08',	'system',	1578406097),
(138,	5,	'(305) 575-7000 x6592',	'system',	1594751008),
(138,	6,	'Thomas.Shelton@va.gov',	'system',	1594751008),
(138,	8,	'Miami VAMC',	'system',	1594751008),
(138,	16,	'(786) 295-1420',	'system',	1578406098),
(138,	23,	'RN/Nursing Education & Research/Nurse Informaticist',	'system',	1594751008),
(139,	-2,	'Yes',	'system',	1578406098),
(139,	-1,	'VHA09',	'system',	1578406098),
(139,	5,	'615-225-5563',	'system',	1594751008),
(139,	6,	'John.Mills@va.gov',	'system',	1594751008),
(139,	8,	'Tennessee Valley Healthcare System',	'system',	1594751008),
(139,	16,	'',	'system',	1578406098),
(139,	23,	'Business Office PAS',	'system',	1594751008),
(140,	-2,	'Yes',	'system',	1578406098),
(140,	-1,	'VHA07',	'system',	1578406098),
(140,	5,	'(843) 214-3126 VA Phone',	'system',	1594751008),
(140,	6,	'William.Dietrich@va.gov',	'system',	1594751008),
(140,	8,	'Charleston VAMC',	'system',	1594751008),
(140,	16,	'(843) 214-3126',	'system',	1578406098),
(140,	23,	'Program Manager - LEAF/SP',	'system',	1594751008),
(141,	-2,	'No',	'system',	1578406098),
(141,	-1,	'VHA06',	'system',	1578406098),
(141,	5,	'919-286-0411 ext',	'system',	1594751008),
(141,	6,	'Mary.A-Boateng@va.gov',	'system',	1594751008),
(141,	8,	'Durham VAMC',	'system',	1594751008),
(141,	16,	'',	'system',	1578406098),
(141,	23,	'Nurse Manager, Nursing, DURVAMC',	'system',	1594751008),
(142,	-2,	'No',	'system',	1578406098),
(142,	-1,	'VHA20',	'system',	1578406098),
(142,	5,	'208-891-6241',	'system',	1594751008),
(142,	6,	'Benjamin.Rogers2@va.gov',	'system',	1594751008),
(142,	8,	'Boise VAMC',	'system',	1594751008),
(142,	16,	'208-891-6241',	'system',	1578406098),
(142,	23,	'Health Systems Specialist',	'system',	1594751008),
(143,	-2,	'Yes',	'system',	1578406098),
(143,	-1,	'dva.va.gov',	'system',	1578406098),
(143,	6,	'',	'system',	1594751008),
(143,	23,	'Contractor',	'system',	1594751008),
(144,	-2,	'Yes',	'system',	1578406098),
(144,	-1,	'dva.va.gov',	'system',	1578406098),
(144,	5,	'703-594-8610',	'system',	1594751008),
(144,	6,	'Nathan.Sullivan@va.gov',	'system',	1594751008),
(144,	8,	'10P8',	'system',	1594751008),
(144,	16,	'',	'system',	1578406098),
(144,	23,	'Contractor',	'system',	1594751008),
(151,	-2,	'Yes',	'system',	1578406098),
(151,	-1,	'vha.med.va.gov',	'system',	1578406098),
(151,	5,	'(304) 260-6651',	'system',	1594751008),
(151,	6,	'Terra.Studer@va.gov',	'system',	1594751008),
(151,	8,	'005R6',	'system',	1594751008),
(151,	16,	'',	'system',	1578406098),
(151,	23,	'IT Specialist (INFOSEC)',	'system',	1594751008),
(152,	-2,	'Yes',	'system',	1578406098),
(152,	-1,	'dva.va.gov',	'system',	1578406098),
(152,	5,	'703-376-7556',	'system',	1594751008),
(152,	6,	'Nicholas.Ciardiello@va.gov',	'system',	1594751008),
(152,	8,	'005',	'system',	1594751008),
(152,	23,	'Contractor -AbleVets LLC (Full-Stack Java Developer)',	'system',	1594751008),
(153,	-2,	'No',	'system',	1578406098),
(153,	-1,	'VHA18',	'system',	1578406098),
(153,	5,	'(520) 792-1450 Ext 1186',	'system',	1594751008),
(153,	6,	'Courtney.Frisch@va.gov',	'system',	1594751008),
(153,	8,	'SAVAHCS, Tucson',	'system',	1594751008),
(153,	16,	'',	'system',	1578406098),
(153,	23,	'Student Nurse Technician (Valor)',	'system',	1594751008),
(154,	-2,	'Yes',	'system',	1578406098),
(154,	-1,	'VHA22',	'system',	1578406098),
(154,	5,	'(858) 552-8585 x2662',	'system',	1594751008),
(154,	6,	'Boyd.Loehr@va.gov',	'system',	1594751008),
(154,	8,	'San Diego VAMC - NURS',	'system',	1594751008),
(154,	16,	'(858) 229-0965',	'system',	1578406098),
(154,	23,	'Registered Nurse (RN)',	'system',	1594751008),
(155,	-2,	'Yes',	'system',	1578406098),
(155,	-1,	'VHA22',	'system',	1578406098),
(155,	5,	'(858) 642-6472',	'system',	1594751008),
(155,	6,	'Leonie.Heyworth@va.gov',	'system',	1594751008),
(155,	8,	'San Diego VAMC - PCS',	'system',	1594751008),
(155,	16,	'',	'system',	1578406098),
(155,	23,	'Staff Physician',	'system',	1594751008),
(156,	-2,	'Yes',	'system',	1578406098),
(156,	-1,	'VHA15',	'system',	1578406098),
(156,	5,	'314-437-3091',	'system',	1594751008),
(156,	6,	'Cortney.Frosch@va.gov',	'system',	1594751008),
(156,	8,	'Nursing',	'system',	1594751008),
(156,	16,	'',	'system',	1578406098),
(156,	23,	'RN (PCS)',	'system',	1594751008),
(157,	-2,	'No',	'system',	1578406098),
(157,	-1,	'vha.med.va.gov',	'system',	1578406098),
(157,	5,	'(202) 213-6759',	'system',	1594751008),
(157,	6,	'Elizabeth.Abbott-Beaumont@va.gov',	'system',	1594751008),
(157,	16,	'',	'system',	1578406098),
(157,	23,	'Redaction Analyst',	'system',	1594751009),
(158,	-2,	'Yes',	'system',	1578406099),
(158,	-1,	'dva.va.gov',	'system',	1578406099),
(158,	5,	'703-579-7199',	'system',	1594751009),
(158,	6,	'Zinaida.Raye@va.gov',	'system',	1594751009),
(158,	8,	'005Q',	'system',	1594751009),
(158,	16,	'',	'system',	1578406099),
(158,	23,	'Contractor',	'system',	1594751009),
(159,	-2,	'Yes',	'system',	1578406099),
(159,	-1,	'VHA20',	'system',	1578406099),
(159,	5,	'208-422-1000 x4054',	'system',	1594751009),
(159,	6,	'Tonia.O\'day@va.gov',	'system',	1594751009),
(159,	8,	'Boise VAMC',	'system',	1594751009),
(159,	16,	'208-890-9820',	'system',	1578406099),
(159,	23,	'Acting Chief Nurse, National CRH Program',	'system',	1594751009),
(160,	-2,	'Yes',	'system',	1578406099),
(160,	-1,	'VHA05',	'system',	1578406099),
(160,	5,	'410-691-7816',	'system',	1594751009),
(160,	6,	'Edward.Koch2@va.gov',	'system',	1594751009),
(160,	8,	'VA Capitol Health Care Network',	'system',	1594751009),
(160,	16,	'',	'system',	1578406099),
(160,	23,	'Telehealth Program Lead - VISN 5',	'system',	1594751009),
(161,	-2,	'Yes',	'system',	1578406099),
(161,	-1,	'VHA20',	'system',	1578406099),
(161,	5,	'208-473-1885',	'system',	1594751009),
(161,	6,	'Jill.Hedt2@va.gov',	'system',	1594751009),
(161,	8,	'Boise VAMC',	'system',	1594751009),
(161,	16,	'208-473-1885',	'system',	1578406099),
(161,	23,	'Psychologist',	'system',	1594751009),
(162,	-2,	'No',	'system',	1578406099),
(162,	-1,	'VHA20',	'system',	1578406099),
(162,	5,	'208-422-1000, ext7273',	'system',	1594751009),
(162,	6,	'Elizabeth.Fassig@va.gov',	'system',	1594751009),
(162,	8,	'Boise VAMC',	'system',	1594751009),
(162,	16,	'863-6918',	'system',	1578406099),
(162,	23,	'Psychologist',	'system',	1594751009),
(163,	-2,	'Yes',	'system',	1578406099),
(163,	-1,	'VHA20',	'system',	1578406099),
(163,	5,	'(208) 863-8257',	'system',	1594751009),
(163,	6,	'Dennis.Olson@va.gov',	'system',	1594751009),
(163,	8,	'10NA1',	'system',	1594751009),
(163,	16,	'(208) 863-8257',	'system',	1578406099),
(163,	23,	'VHA Emergency Management Manager',	'system',	1594751009),
(164,	-2,	'Yes',	'system',	1578406099),
(164,	-1,	'vha.med.va.gov',	'system',	1578406099),
(164,	6,	'NSOC.TESTER1@va.gov',	'system',	1594751009),
(165,	-2,	'Yes',	'system',	1578406099),
(165,	-1,	'vha.med.va.gov',	'system',	1578406099),
(165,	5,	'801-588-5080',	'system',	1594751009),
(165,	6,	'David.Fanning2@va.gov',	'system',	1594751009),
(165,	8,	'Salt Lake OIT Field Office',	'system',	1594751009),
(165,	16,	'435-503-0406',	'system',	1578406099),
(165,	23,	'Information Technology Specialist',	'system',	1594751009),
(166,	-2,	'Yes',	'system',	1578406099),
(166,	-1,	'dva.va.gov',	'system',	1578406099),
(166,	5,	'703-303-3188',	'system',	1594751009),
(166,	6,	'Dastan.Rahimi@va.gov',	'system',	1594751009),
(166,	8,	'10P2',	'system',	1594751009),
(166,	16,	'',	'system',	1578406099),
(166,	23,	'Contractor',	'system',	1594751009),
(167,	-2,	'Yes',	'system',	1578406099),
(167,	-1,	'VHA10',	'system',	1578406099),
(167,	5,	'937.268.6511 x 2408',	'system',	1594751009),
(167,	6,	'William.Diedrich2@va.gov',	'system',	1594751009),
(167,	8,	'Dayton VAMC',	'system',	1594751009),
(167,	16,	'',	'system',	1578406099),
(167,	23,	'Fee Basis',	'system',	1594751009),
(168,	-2,	'Yes',	'system',	1578406099),
(168,	-1,	'VHA21',	'system',	1578406099),
(168,	5,	'(707) 562-8203',	'system',	1594751009),
(168,	6,	'Kenneth.Fox@va.gov',	'system',	1594751009),
(168,	8,	'Office of Associate Director',	'system',	1594751009),
(168,	16,	'925-260-4805',	'system',	1578406099),
(168,	23,	'Site Manager MI & FF',	'system',	1594751009),
(169,	-2,	'Yes',	'system',	1578406099),
(169,	-1,	'vha.med.va.gov',	'system',	1578406099),
(169,	5,	'(304) 260-6700',	'system',	1594751009),
(169,	6,	'Manjunatha.Chandrappa@va.gov',	'system',	1594751009),
(169,	8,	'005R6',	'system',	1594751009),
(169,	16,	'',	'system',	1578406099),
(169,	23,	'Contractor',	'system',	1594751009),
(170,	-2,	'Yes',	'system',	1578406099),
(170,	-1,	'vha.med.va.gov',	'system',	1578406099),
(170,	6,	'Valentin.Kuperman2@va.gov',	'system',	1594751009),
(170,	8,	'005R6',	'system',	1594751009),
(170,	23,	'Contractor',	'system',	1594751009),
(171,	-2,	'Yes',	'system',	1578406099),
(171,	-1,	'vha.med.va.gov',	'system',	1578406099),
(171,	6,	'NSOC.TESTER5@va.gov',	'system',	1594751009),
(172,	-2,	'Yes',	'system',	1578406099),
(172,	-1,	'vha.med.va.gov',	'system',	1578406099),
(172,	6,	'NSOC.TESTER6@va.gov',	'system',	1594751009),
(173,	-2,	'Yes',	'system',	1578406099),
(173,	-1,	'vha.med.va.gov',	'system',	1578406099),
(173,	5,	'(304) 260-6700',	'system',	1594751009),
(173,	6,	'Victor.Blake@va.gov',	'system',	1594751009),
(173,	8,	'005R6',	'system',	1594751009),
(173,	16,	'',	'system',	1578406099),
(173,	23,	'Contractor',	'system',	1594751009),
(174,	-2,	'Yes',	'system',	1578406100),
(174,	-1,	'vha.med.va.gov',	'system',	1578406100),
(174,	6,	'NSOC.TESTER3@va.gov',	'system',	1594751009),
(175,	-2,	'Yes',	'system',	1578406100),
(175,	-1,	'vha.med.va.gov',	'system',	1578406100),
(175,	5,	'(304) 260-6647',	'system',	1594751009),
(175,	6,	'David.Weng@va.gov',	'system',	1594751009),
(175,	8,	'005R6',	'system',	1594751009),
(175,	16,	'',	'system',	1578406100),
(175,	23,	'IT Specialist (INFOSEC)',	'system',	1594751009),
(176,	-2,	'Yes',	'system',	1578406100),
(176,	-1,	'VHA04',	'system',	1578406100),
(176,	5,	'215-823-5800 x9040',	'system',	1594751009),
(176,	6,	'Stephen.Kolos@va.gov',	'system',	1594751009),
(176,	8,	'Clinical Informatics/Data Analysis',	'system',	1594751009),
(176,	16,	'(267) 858-6896',	'system',	1578406100),
(176,	23,	'Management and Program Analyst',	'system',	1594751010),
(177,	-2,	'Yes',	'system',	1578406100),
(177,	-1,	'vha.med.va.gov',	'system',	1578406100),
(177,	5,	'518-229-0722',	'system',	1594751010),
(177,	6,	'Adriaan.Denkers@va.gov',	'system',	1594751010),
(177,	8,	'OIT HCM',	'system',	1594751010),
(177,	23,	'Web Specialist',	'system',	1594751010),
(178,	-2,	'Yes',	'system',	1578406100),
(178,	-1,	'VHA10',	'system',	1578406100),
(178,	5,	'513-861-3100 (4411)',	'system',	1594751010),
(178,	6,	'Luke.Melvin@va.gov',	'system',	1594751010),
(178,	8,	'End User Operations (EUO)',	'system',	1594751010),
(178,	16,	'',	'system',	1578406100),
(178,	23,	'IT Specialist, OIT',	'system',	1594751010),
(179,	-2,	'Yes',	'system',	1578406100),
(179,	-1,	'VHA09',	'system',	1578406100),
(179,	5,	'(423)926-1171 ext 7208',	'system',	1594751010),
(179,	6,	'Crystil.Bennett@va.gov',	'system',	1594751010),
(179,	8,	'James H. Quillen VA Medical Center',	'system',	1594751010),
(179,	16,	'',	'system',	1578406100),
(179,	23,	'Administrative Officer',	'system',	1594751010),
(180,	-2,	'Yes',	'system',	1578406100),
(180,	-1,	'VHA20',	'system',	1578406100),
(180,	5,	'2084221000 ext 7367',	'system',	1594751010),
(180,	6,	'Katherine.Andersen@va.gov',	'system',	1594751010),
(180,	8,	'Boise VAMC',	'system',	1594751010),
(180,	16,	'',	'system',	1578406100),
(180,	23,	'Nurse',	'system',	1594751010),
(181,	-2,	'Yes',	'system',	1578406100),
(181,	-1,	'VHA09',	'system',	1578406100),
(181,	5,	'(423) 926-1171 ext 7603',	'system',	1594751010),
(181,	6,	'Kristy.Hardin@va.gov',	'system',	1594751010),
(181,	8,	'James H. Quillen VAMC',	'system',	1594751010),
(181,	16,	'(423) 342-5202',	'system',	1578406100),
(181,	23,	'Accounting Technician',	'system',	1594751010),
(182,	-2,	'Yes',	'system',	1578406100),
(182,	-1,	'VHA09',	'system',	1578406100),
(182,	5,	'423 926-1171 x7608',	'system',	1594751010),
(182,	6,	'Monique.Geis@va.gov',	'system',	1594751010),
(182,	8,	'James H. Quillen VAMC',	'system',	1594751010),
(182,	16,	'',	'system',	1578406100),
(182,	23,	'Accountant',	'system',	1594751010),
(183,	-2,	'Yes',	'system',	1578406100),
(183,	-1,	'VHA09',	'system',	1578406100),
(183,	5,	'423 926-1171 x 7600',	'system',	1594751010),
(183,	6,	'Todd.Brase@va.gov',	'system',	1594751010),
(183,	8,	'James H. Quillen VA Medical Center',	'system',	1594751010),
(183,	16,	'',	'system',	1578406100),
(183,	23,	'Budget Analyst',	'system',	1594751010),
(184,	-2,	'Yes',	'system',	1578406100),
(184,	-1,	'VHA20',	'system',	1578406100),
(184,	5,	'208-422-1000 x 7437',	'system',	1594751010),
(184,	6,	'Norka.Helmick@va.gov',	'system',	1594751010),
(184,	8,	'Boise VAMC',	'system',	1594751010),
(184,	16,	'208-713-1257',	'system',	1578406100),
(184,	23,	'RN',	'system',	1594751010),
(185,	-2,	'Yes',	'system',	1578406100),
(185,	-1,	'VHA20',	'system',	1578406100),
(185,	5,	'208-422-1000 x',	'system',	1594751010),
(185,	6,	'Jesse.Kruis@va.gov',	'system',	1594751010),
(185,	8,	'Boise VAMC',	'system',	1594751010),
(185,	16,	'',	'system',	1578406100),
(185,	23,	'Nurse',	'system',	1594751010),
(186,	-2,	'Yes',	'system',	1578406100),
(186,	-1,	'VHA09',	'system',	1578406100),
(186,	5,	'423-926-1171 x7530',	'system',	1594751010),
(186,	6,	'Monica.Brase@va.gov',	'system',	1594751010),
(186,	8,	'James H. Quillen VAMC',	'system',	1594751010),
(186,	16,	'',	'system',	1578406100),
(186,	23,	'RN, MSN Infection Control',	'system',	1594751010),
(187,	-2,	'Yes',	'system',	1578406100),
(187,	-1,	'VHA09',	'system',	1578406100),
(187,	5,	'423 926-1171 x7286',	'system',	1594751010),
(187,	6,	'Jessica.Slone@va.gov',	'system',	1594751010),
(187,	8,	'James H. Quillen VAMC',	'system',	1594751010),
(187,	16,	'',	'system',	1578406100),
(187,	23,	'Budget Analyst Assistant',	'system',	1594751010),
(188,	-2,	'Yes',	'system',	1578406100),
(188,	-1,	'VHA06',	'system',	1578406100),
(188,	5,	'540-982-2463 ext 2871',	'system',	1594751010),
(188,	6,	'Susan.Hall2@va.gov',	'system',	1594751010),
(188,	8,	'VAMC Salem, VA',	'system',	1594751010),
(188,	16,	'',	'system',	1578406100),
(188,	23,	'Social Worker',	'system',	1594751010),
(189,	-2,	'Yes',	'system',	1578406101),
(189,	-1,	'VHA17',	'system',	1578406101),
(189,	6,	'Fredy.Arguello@va.gov',	'system',	1594751010),
(189,	8,	'Human Resources Management and Consulting Services',	'system',	1594751010),
(189,	23,	'HR Specialist (Information Systems)',	'system',	1594751010),
(190,	-2,	'Yes',	'system',	1578406101),
(190,	-1,	'VHA20',	'system',	1578406101),
(190,	5,	'503-220-8262-154949',	'system',	1594751010),
(190,	6,	'Eugene.Weast@va.gov',	'system',	1594751010),
(190,	8,	'VAPORHCS',	'system',	1594751010),
(190,	16,	'',	'system',	1578406101),
(190,	23,	'Q&P Consultant',	'system',	1594751010),
(191,	-2,	'Yes',	'system',	1578406101),
(191,	-1,	'VHA20',	'system',	1578406101),
(191,	5,	'503-220-8262 x57723',	'system',	1580836797),
(191,	6,	'Jeremy.Craig@va.gov',	'system',	1580836797),
(191,	8,	'VAPORHCS',	'system',	1580836797),
(191,	16,	'',	'system',	1578406101),
(191,	23,	'Program Support Assistant',	'system',	1580836797),
(192,	-2,	'Yes',	'system',	1578406101),
(192,	-1,	'VHA17',	'system',	1578406101),
(192,	5,	'817-690-9194',	'system',	1594751010),
(192,	6,	'George.Page@va.gov',	'system',	1594751010),
(192,	8,	'HRMACS (10A2A6A)',	'system',	1594751010),
(192,	16,	'(817) 690-9194',	'VHAV17PageG',	1578406101),
(192,	23,	'HRMACS (10A2A6A)',	'system',	1594751010),
(193,	-2,	'Yes',	'system',	1578406101),
(193,	-1,	'dva.va.gov',	'system',	1578406101),
(193,	6,	'',	'system',	1594751010),
(193,	23,	'Contractor',	'system',	1594751010),
(194,	-2,	'Yes',	'system',	1578406101),
(194,	-1,	'VHA05',	'system',	1578406101),
(194,	6,	'',	'system',	1594751011),
(195,	-2,	'Yes',	'system',	1578406101),
(195,	-1,	'VHA21',	'system',	1578406101),
(195,	5,	'808-433-1085',	'system',	1594751011),
(195,	6,	'Thomas.Elder2@va.gov',	'system',	1594751011),
(195,	8,	'VA Pacific Island Health Care System',	'system',	1594751011),
(195,	16,	'',	'system',	1578406101),
(195,	23,	'Deputy Designated Learning Officer (Deputy DLO)',	'system',	1594751011),
(196,	-2,	'Yes',	'system',	1578406101),
(196,	-1,	'dva.va.gov',	'system',	1578406101),
(196,	5,	'703-835-0483',	'VACONguyeT2',	1594751011),
(196,	6,	'Thomas.Nguyen@va.gov',	'VACONguyeT2',	1594751011),
(196,	16,	'',	'system',	1578406101),
(196,	23,	'Contractor',	'system',	1594751011),
(197,	-2,	'Yes',	'system',	1578406101),
(197,	-1,	'VHA08',	'system',	1578406101),
(197,	5,	'407.629.1599 x1006',	'system',	1594751011),
(197,	6,	'Richard.Musolf@va.gov',	'system',	1594751011),
(197,	8,	'Orlando VAMC',	'system',	1594751011),
(197,	16,	'',	'system',	1578406101),
(197,	23,	'Housekeeping Aid',	'system',	1594751011),
(198,	-2,	'Yes',	'system',	1578406101),
(198,	-1,	'aac.dva.va.gov',	'system',	1578406101),
(198,	5,	'737-781-1708',	'system',	1594751011),
(198,	6,	'Srivalli.VenkobaRao@va.gov',	'system',	1594751011),
(198,	8,	'FMBT TSD',	'system',	1594751011),
(198,	16,	'',	'system',	1578406101),
(198,	23,	'Project Manager',	'system',	1594751011),
(199,	-2,	'Yes',	'system',	1578406101),
(199,	-1,	'dva.va.gov',	'system',	1578406101),
(199,	6,	'Ambuj.Chhetri@va.gov',	'system',	1594751011),
(199,	16,	'703-227-6000',	'system',	1578406101),
(199,	23,	'Contractor',	'system',	1594751011),
(200,	-2,	'Yes',	'system',	1578406101),
(200,	-1,	'dva.va.gov',	'system',	1578406101),
(200,	5,	'201-755-8015',	'vacoRamosL',	1594751011),
(200,	6,	'Lianne.Ramos@va.gov',	'system',	1594751011),
(200,	8,	'10E2',	'system',	1594751011),
(200,	16,	'',	'system',	1578406101),
(200,	23,	'Functional Analyst - Contractor',	'system',	1594751011),
(201,	-2,	'Yes',	'system',	1578406101),
(201,	-1,	'VHA20',	'system',	1578406101),
(201,	5,	'(360) 737-1428',	'system',	1594751011),
(201,	6,	'Darrin.Letzgus@va.gov',	'system',	1594751011),
(201,	8,	'CRH: Mental Health',	'system',	1594751011),
(201,	16,	'(503) 875-5376',	'system',	1578406101),
(201,	23,	'Program Specialist',	'system',	1594751011),
(202,	-2,	'Yes',	'system',	1578406101),
(202,	-1,	'VHA15',	'system',	1578406101),
(202,	5,	'314-652-4100 ext 55306',	'system',	1594751011),
(202,	6,	'David.Glick2@va.gov',	'system',	1594751011),
(202,	8,	'VISN 15 - KMAS',	'system',	1594751011),
(202,	16,	'',	'system',	1578406101),
(202,	23,	'Program Analyst, St. Louis (VISN 15)',	'system',	1594751011),
(203,	-2,	'Yes',	'system',	1578406101),
(203,	-1,	'VHA08',	'system',	1578406101),
(203,	5,	'352-376-1611 x106434',	'system',	1594751011),
(203,	6,	'Grady.Tester@va.gov',	'system',	1594751011),
(203,	8,	'Gainesville VAMC',	'system',	1594751011),
(203,	16,	'',	'system',	1578406101),
(203,	23,	'Lead Electrician',	'system',	1594751011),
(204,	-2,	'Yes',	'system',	1578406101),
(204,	-1,	'VHA08',	'system',	1578406101),
(204,	5,	'352.727.2571',	'system',	1594751011),
(204,	6,	'Joseph.Mathers@va.gov',	'system',	1594751011),
(204,	8,	'End User Operations (EUO)',	'system',	1594751011),
(204,	16,	'',	'system',	1578406102),
(204,	23,	'IT Specialist',	'system',	1594751011),
(205,	-2,	'Yes',	'system',	1578406102),
(205,	-1,	'dva.va.gov',	'system',	1578406102),
(205,	5,	'(540) 998-9244',	'system',	1594751011),
(205,	6,	'Patrick.Liesveld@va.gov',	'system',	1594751011),
(205,	8,	'10P2',	'system',	1594751011),
(205,	16,	'',	'system',	1578406102),
(205,	23,	'Contractor',	'system',	1594751011),
(206,	-2,	'Yes',	'system',	1578406102),
(206,	-1,	'VHA05',	'system',	1578406102),
(206,	5,	'304-263-0811 x4012',	'system',	1594751011),
(206,	6,	'David.Porter@va.gov',	'system',	1594751011),
(206,	8,	'Martinsburg VAMC',	'system',	1594751011),
(206,	16,	'304-433-1797',	'system',	1578406102),
(206,	23,	'Executive Assistant - Office of the Med Ctr Director',	'system',	1594751011),
(207,	-2,	'Yes',	'system',	1578406102),
(207,	-1,	'VHA05',	'system',	1578406102),
(207,	5,	'304-263-0811 x1886',	'system',	1594751011),
(207,	6,	'Chiray.Weatherholtz@va.gov',	'system',	1594751011),
(207,	8,	'Martinsburg VAMC',	'system',	1594751011),
(207,	16,	'',	'system',	1578406102),
(207,	23,	'Program Specialist  - Office of the Med Ctr Director',	'system',	1594751011),
(208,	-2,	'Yes',	'system',	1578406102),
(208,	-1,	'VHA05',	'system',	1578406102),
(208,	5,	'304-263-0811 x4793',	'system',	1594751011),
(208,	6,	'Ann.Mullenix@va.gov',	'system',	1594751011),
(208,	8,	'Martinsburg VAMC',	'system',	1594751011),
(208,	16,	'',	'system',	1578406102),
(208,	23,	'Program Specialist - Office of the Med Ctr Director',	'system',	1594751011),
(209,	5,	'713-794-7215',	'system',	1594751011),
(209,	6,	'DASTNAI.AKBARD@va.gov',	'system',	1594751011),
(209,	8,	'Houston VAMC',	'system',	1594751011),
(209,	23,	'Licensed Vocational Nurse',	'system',	1594751011),
(210,	5,	'414 384-2000',	'system',	1594751011),
(210,	6,	'Dasha.Drew@va.gov',	'system',	1594751011),
(210,	8,	'Milwaukee VAMC',	'system',	1594751011),
(210,	23,	'Nursing Assistant',	'system',	1594751011),
(211,	5,	'215-823-5800 x207170',	'system',	1594751012),
(211,	6,	'Sahima.Das@va.gov',	'system',	1594751012),
(211,	8,	'Nutrition and Food Service',	'system',	1594751012),
(211,	23,	'Dietitian',	'system',	1594751012),
(212,	5,	'(713) 794-8025',	'system',	1594751012),
(212,	6,	'Sachin.Patel@va.gov',	'system',	1594751012),
(212,	8,	'VSSC (10A8)',	'system',	1594751012),
(212,	23,	'Management & Program Analyst',	'system',	1594751012),
(213,	5,	'516-424-1078',	'system',	1594751012),
(213,	6,	'Leonard.Aloi@va.gov',	'system',	1594751012),
(213,	8,	'VSSC (10A8)',	'system',	1594751012),
(213,	23,	'VSSC Access Team Supervisor',	'system',	1594751012),
(214,	5,	'414-384-2000 x43471',	'system',	1594751012),
(214,	6,	'Gaomormee.Yang@va.gov',	'system',	1594751012),
(214,	8,	'Milwaukee VAMC',	'system',	1594751012),
(214,	23,	'MIS PSA',	'system',	1594751012),
(215,	6,	'Gregory.Theriot@va.gov',	'system',	1594751012),
(215,	23,	'Software Engineer - Contractor',	'system',	1594751012),
(216,	5,	'TBD',	'system',	1594751012),
(216,	6,	'Luke.Wheeler@va.gov',	'system',	1594751012),
(216,	8,	'10P2',	'system',	1594751012),
(216,	23,	'Contractor',	'system',	1594751012),
(217,	6,	'Justin.Froncek@va.gov',	'system',	1594751012),
(217,	23,	'Contractor',	'system',	1594751012),
(218,	5,	'(202) 382-2338',	'VACOAdewuA1',	1594751012),
(218,	6,	'Abiola.Adewuyi@va.gov',	'system',	1594751012),
(218,	8,	'005Q',	'system',	1594751012),
(218,	23,	'Contractor - Ablevets',	'system',	1594751012),
(219,	6,	'Liping.Wang2@va.gov',	'system',	1594751012),
(219,	8,	'Infrastructure Operations (IO)',	'system',	1594751012),
(219,	23,	'Java Developer',	'system',	1594751012),
(220,	5,	'605.720.7145 x',	'system',	1594751012),
(220,	6,	'Raye-Anne.Dorn2@va.gov',	'system',	1594751012),
(220,	8,	'VA BHHCS',	'system',	1594751012),
(220,	23,	'Contractor-Tumor Register',	'system',	1594751012),
(221,	6,	'Jyothi.Telluri@va.gov',	'system',	1594751012),
(221,	23,	'Test Engineer',	'system',	1594751012),
(222,	5,	'(985) 788-5000',	'system',	1594751012),
(222,	6,	'Vittoria.Merry@va.gov',	'system',	1594751012),
(222,	23,	'Application Tester',	'system',	1594751012),
(223,	5,	'(205) 554-3551',	'system',	1594751012),
(223,	6,	'David.Carter6@va.gov',	'system',	1594751012),
(223,	8,	'Tuscaloosa VAMC',	'system',	1594751012),
(223,	23,	'Program Analyst',	'system',	1594751012),
(227,	6,	'Alon.Ben-Ari@va.gov',	'system',	1594751012),
(227,	8,	'Office of COS',	'system',	1594751012),
(227,	23,	'Attending Physician',	'system',	1594751012),
(228,	6,	'Dirk.Miller@va.gov',	'viaLogin',	1600287973),
(229,	6,	'',	'imported',	1603479552),
(230,	6,	'Jeremy.Lay@va.gov',	'viaLogin',	1604347369),
(231,	5,	'415-221-4810 x22070',	'imported',	1605210306),
(231,	6,	'Mark.Federspiel@va.gov',	'imported',	1605210306),
(231,	8,	'San Francisco VAMC',	'imported',	1605210306),
(231,	23,	'Chief Technologist',	'imported',	1605210306),
(232,	5,	'928-642-4282',	'imported',	1607015509),
(232,	6,	'Tony.Destin@va.gov',	'imported',	1607015509),
(232,	8,	'Las Vegas, VAMC',	'imported',	1607015509),
(232,	23,	'Program Analyst',	'imported',	1607015509),
(233,	5,	'540-827-7394',	'imported',	1608238072),
(233,	6,	'Kingsley.Mbah@va.gov',	'imported',	1608238072),
(233,	8,	'L\'Enfant Plaza Remote',	'imported',	1608238072),
(233,	23,	'Contractor - Database Administrator',	'imported',	1608238072),
(234,	6,	'Michael.Dawson2@va.gov',	'viaLogin',	1610039693),
(235,	6,	'tester@va.gov',	'viaLogin',	1612542172);

DROP TABLE IF EXISTS `employee_data_history`;
CREATE TABLE `employee_data_history` (
  `empUID` mediumint(8) unsigned NOT NULL,
  `indicatorID` tinyint(3) NOT NULL,
  `data` text NOT NULL,
  `author` varchar(30) NOT NULL,
  `timestamp` int(10) unsigned NOT NULL DEFAULT '0',
  KEY `empUID` (`empUID`,`indicatorID`),
  KEY `timestamp` (`timestamp`)
) ENGINE=InnoDB DEFAULT CHARSET=utf8;

INSERT INTO `employee_data_history` (`empUID`, `indicatorID`, `data`, `author`, `timestamp`) VALUES
(6,	5,	'704-638-9000 Ext. 6386',	'vhawasgaom1',	1480449601),
(6,	6,	'Stephanie.Triplett@va.gov',	'vhawasgaom1',	1480449601),
(6,	8,	'Salisbury VAMC\\; Building 1',	'vhawasgaom1',	1480449601),
(7,	6,	'Eric.Cook2@va.gov',	'vhawasgaom1',	1482251910),
(10,	5,	'850-293-0858',	'vhawasgaom1',	1482273123),
(10,	6,	'Stefan.Test@va.gov',	'vhawasgaom1',	1482273123),
(10,	8,	'Field Operations (005OP1)',	'vhawasgaom1',	1482273123),
(14,	5,	'(561) 469-1811',	'vhawasgaom1',	1488379311),
(14,	6,	'Stacy.Washington@va.gov',	'vhawasgaom1',	1488379311),
(14,	8,	'VACO 10A5',	'vhawasgaom1',	1488379311),
(15,	5,	'(561) 469-1811',	'vhawasgaom1',	1488379849),
(15,	6,	'Stacy.Washington@va.gov',	'vhawasgaom1',	1488379849),
(15,	8,	'VACO 10A5',	'vhawasgaom1',	1488379849),
(15,	23,	'Project Manager',	'vhawasgaom1',	1488379849),
(16,	5,	'803-776-4000 ext 6646',	'VHACMSNichoM',	1488550122),
(16,	8,	'Bldg 106 Rm A220',	'VHACMSNichoM',	1488550167),
(1,	6,	'',	'vhawasgaom1',	1491854730),
(1,	6,	'',	'vhawasgaom1',	1491855319),
(1,	6,	'Michael.Gao@va.gov',	'vhawasgaom1',	1491855803),
(4,	8,	'131',	'VHAPREHALLS',	1512674318);

DROP TABLE IF EXISTS `employee_privileges`;
CREATE TABLE `employee_privileges` (
  `empUID` mediumint(8) unsigned NOT NULL,
  `categoryID` enum('employee','position','group') NOT NULL,
  `UID` smallint(5) unsigned NOT NULL,
  `read` tinyint(1) NOT NULL DEFAULT '0',
  `write` tinyint(1) NOT NULL DEFAULT '0',
  `grant` tinyint(1) NOT NULL DEFAULT '0',
  UNIQUE KEY `empUID` (`empUID`,`categoryID`,`UID`)
) ENGINE=InnoDB DEFAULT CHARSET=utf8;


DROP TABLE IF EXISTS `groups`;
CREATE TABLE `groups` (
  `groupID` smallint(5) unsigned NOT NULL AUTO_INCREMENT,
  `parentID` smallint(5) unsigned NOT NULL DEFAULT '0',
  `groupTitle` varchar(250) NOT NULL,
  `groupAbbreviation` varchar(250) DEFAULT NULL,
  `phoneticGroupTitle` varchar(250) NOT NULL DEFAULT '',
  PRIMARY KEY (`groupID`),
  KEY `parentID` (`parentID`),
  KEY `groupAbbreviation` (`groupAbbreviation`),
  KEY `groupTitle` (`groupTitle`)
) ENGINE=InnoDB DEFAULT CHARSET=utf8;

INSERT INTO `groups` (`groupID`, `parentID`, `groupTitle`, `groupAbbreviation`, `phoneticGroupTitle`) VALUES
(1,	0,	'System Administrators',	NULL,	'SSTMTMNSTRTRS'),
(2,	0,	'Everyone',	NULL,	'EFRYN'),
(3,	0,	'Owner',	NULL,	'ONR'),
(4,	0,	'System Reserved.2',	NULL,	'SSTMRSRFT'),
(5,	0,	'System Reserved.3',	NULL,	'SSTMRSRFT'),
(6,	0,	'System Reserved.4',	NULL,	'SSTMRSRFT'),
(7,	0,	'System Reserved.5',	NULL,	'SSTMRSRFT'),
(8,	0,	'System Reserved.6',	NULL,	'SSTMRSRFT'),
(9,	0,	'System Reserved.7',	NULL,	'SSTMRSRFT'),
(10,	0,	'System Reserved.8',	NULL,	'SSTMRSRFT'),
(14,	0,	'Office of Everything',	NULL,	'OFSFFR0NK'),
(15,	0,	'VISN Biomed Engineer',	NULL,	'FSNBMTNJNR'),
(16,	0,	'Approval Group (Washington DC)',	NULL,	'APRFLKRPWXNKTNTK'),
(26,	0,	'Human Resources',	NULL,	'HMNRSRSS'),
(27,	0,	'Medical Records',	NULL,	'MTKLRKRTS'),
(28,	0,	'Office of the Associate Director of Patient Services',	NULL,	'OFSF0SXTTRKTRFPTNTSRFSS'),
(29,	0,	'Acute Care',	NULL,	'AKTKR'),
(30,	0,	'Office of GEC',	NULL,	'OFSFJK'),
(32,	0,	'VA Pulse Coach Roster Organizing Coach',	NULL,	'FPLSKXRSTRRKNSNKKX'),
(33,	0,	'LEAF Coaches',	NULL,	'LFKXS'),
(35,	0,	'Facilities',	NULL,	'FSLTS'),
(36,	0,	'Ground Services',	NULL,	'KRNTSRFSS'),
(40,	0,	'Cancellation - Carol',	NULL,	'KNSLXNKRL'),
(41,	0,	'Cancellation - SC - Audiology',	NULL,	'KNSLXNSKTLJ'),
(42,	0,	'Cancellation - SC - Primary Care',	NULL,	'KNSLXNSKPRMRKR'),
(53,	0,	'Assignment determination',	NULL,	'ASKNMNTTTRMNXN'),
(54,	0,	'CPAC Exec 1',	NULL,	'KPKKSK'),
(55,	0,	'CPAC Exec 2',	NULL,	'KPKKSK'),
(56,	0,	'CPAC Exec 3',	NULL,	'KPKKSK'),
(57,	0,	'CPAC Exec 4',	NULL,	'KPKKSK'),
(58,	0,	'CPAC Fiscal 1',	NULL,	'KPKFSKL'),
(59,	0,	'CPAC Fiscal 2',	NULL,	'KPKFSKL'),
(60,	0,	'CPAC Fiscal 3',	NULL,	'KPKFSKL'),
(61,	0,	'CPAC Fiscal 4',	NULL,	'KPKFSKL'),
(62,	0,	'CPAC Policy Analyst 1',	NULL,	'KPKPLSNLST'),
(63,	0,	'CPAC Policy Analyst 2',	NULL,	'KPKPLSNLST'),
(64,	0,	'CPAC Policy Analyst 3',	NULL,	'KPKPLSNLST'),
(65,	0,	'CPAC Policy Analyst 4',	NULL,	'KPKPLSNLST'),
(67,	0,	'Supply Chain Management',	NULL,	'SPLXNMNJMNT'),
(68,	0,	'HR',	NULL,	'R'),
(73,	0,	'Info Only for Repro',	NULL,	'INFNLFRRPR'),
(74,	0,	'Office of Animal rescue squad',	NULL,	'OFSFNMLRSKSKT'),
(75,	0,	'Bankroll for animals',	NULL,	'BNKRLFRNMLS'),
(78,	0,	'Admins for stakeholder Relations',	NULL,	'ATMNSFRSTKHLTRRLXNS'),
(79,	0,	'Office of the Chief of Staff',	NULL,	'OFSF0XFFSTF'),
(80,	0,	'Logistics',	NULL,	'LJSTKS'),
(81,	0,	'Deputy Chief of Staff',	NULL,	'TPTXFFSTF'),
(82,	0,	'Surgical Services',	NULL,	'SRJKLSRFSS'),
(86,	0,	'Office of Accountability',	NULL,	'OFSFKKNTBLT'),
(87,	0,	'Clear PIV',	NULL,	'KLRPF'),
(88,	0,	'Baristas',	NULL,	'BRSTS'),
(89,	0,	'Admin Officers',	NULL,	'ATMNFSRS'),
(90,	0,	'Office of the Associate Director',	NULL,	'OFSF0SXTTRKTR'),
(91,	0,	'Nursing',	NULL,	'NRSNK'),
(92,	0,	'Dog Sitters',	NULL,	'TKSTRS'),
(93,	0,	'Business Card Techs',	NULL,	'BSNSKRTTXS'),
(94,	0,	'Business Cards - Quality Check',	NULL,	'BSNSKRTSKLTXK'),
(95,	0,	'Travel User Access Group',	NULL,	'TRFLSRKSSKRP'),
(96,	0,	'Training User Access Group',	NULL,	'TRNNKSRKSSKRP'),
(97,	0,	'TEM Team',	NULL,	'TMTM'),
(98,	0,	'VetLink',	NULL,	'FTLNK'),
(99,	0,	'ADPAC',	NULL,	'ATPK'),
(100,	0,	'Final Notification',	NULL,	'FNLNTFKXN'),
(101,	0,	'Clinic Profiler',	NULL,	'KLNKPRFLR'),
(102,	0,	'Media outreach',	NULL,	'MTTRX'),
(103,	0,	'Coffee Getters',	NULL,	'KFJTRS'),
(105,	0,	'Admins for Demo Site',	NULL,	'ATMNSFRTMST'),
(106,	0,	'DEMO 3',	NULL,	'TM'),
(107,	0,	'Chiller Plant',	NULL,	'XLRPLNT'),
(108,	0,	'Water Plant',	NULL,	'WTRPLNT'),
(109,	0,	'Procurement Tech',	NULL,	'PRKRMNTTX'),
(110,	0,	'Procurement Tech 2',	NULL,	'PRKRMNTTX'),
(111,	0,	'Procurement Tech 3',	NULL,	'PRKRMNTTX'),
(112,	0,	'Demo Test',	NULL,	'TMTST'),
(113,	0,	'Request Acceptor',	NULL,	'RKSTKSPTR'),
(115,	0,	'DEPT',	NULL,	'TPT'),
(118,	0,	'test demo1 ',	NULL,	'TSTTM'),
(119,	0,	'Test Fields',	NULL,	'TSTFLTS'),
(120,	0,	'dummy 1 ',	NULL,	'TM');

DROP TABLE IF EXISTS `group_data`;
CREATE TABLE `group_data` (
  `groupID` smallint(5) unsigned NOT NULL,
  `indicatorID` smallint(5) NOT NULL,
  `data` text NOT NULL,
  `author` varchar(30) NOT NULL,
  `timestamp` int(10) unsigned NOT NULL DEFAULT '0',
  PRIMARY KEY (`groupID`,`indicatorID`),
  KEY `indicatorID` (`indicatorID`)
) ENGINE=InnoDB DEFAULT CHARSET=utf8;


DROP TABLE IF EXISTS `group_data_history`;
CREATE TABLE `group_data_history` (
  `groupID` smallint(5) unsigned NOT NULL,
  `indicatorID` smallint(5) NOT NULL,
  `data` text NOT NULL,
  `author` varchar(30) NOT NULL,
  `timestamp` int(10) unsigned NOT NULL DEFAULT '0',
  KEY `timestamp` (`timestamp`),
  KEY `groupID` (`groupID`,`indicatorID`)
) ENGINE=InnoDB DEFAULT CHARSET=utf8;


DROP TABLE IF EXISTS `group_privileges`;
CREATE TABLE `group_privileges` (
  `groupID` smallint(5) unsigned NOT NULL,
  `categoryID` enum('employee','position','group') NOT NULL,
  `UID` mediumint(8) unsigned NOT NULL,
  `read` tinyint(1) NOT NULL DEFAULT '0',
  `write` tinyint(1) NOT NULL DEFAULT '0',
  `grant` tinyint(1) NOT NULL DEFAULT '0',
  UNIQUE KEY `groupID` (`groupID`,`categoryID`,`UID`)
) ENGINE=InnoDB DEFAULT CHARSET=utf8;

INSERT INTO `group_privileges` (`groupID`, `categoryID`, `UID`, `read`, `write`, `grant`) VALUES
(14,	'position',	1,	1,	1,	1),
(14,	'group',	1,	1,	1,	1),
(14,	'group',	2,	1,	0,	0),
(15,	'position',	1,	1,	1,	1),
(15,	'group',	1,	1,	1,	1),
(15,	'group',	2,	1,	0,	0),
(16,	'position',	2,	1,	1,	1),
(16,	'position',	4,	1,	1,	1),
(16,	'group',	1,	1,	1,	1),
(16,	'group',	2,	1,	0,	0),
(16,	'group',	16,	1,	1,	1),
(26,	'position',	5,	1,	1,	1),
(26,	'group',	1,	1,	1,	1),
(26,	'group',	2,	1,	0,	0),
(27,	'position',	5,	1,	1,	1),
(27,	'group',	1,	1,	1,	1),
(27,	'group',	2,	1,	0,	0),
(28,	'position',	5,	1,	1,	1),
(28,	'group',	1,	1,	1,	1),
(28,	'group',	2,	1,	0,	0),
(29,	'position',	5,	1,	1,	1),
(29,	'group',	1,	1,	1,	1),
(29,	'group',	2,	1,	0,	0),
(30,	'position',	5,	1,	1,	1),
(30,	'group',	1,	1,	1,	1),
(30,	'group',	2,	1,	0,	0),
(32,	'position',	5,	1,	1,	1),
(32,	'group',	1,	1,	1,	1),
(32,	'group',	2,	1,	0,	0),
(33,	'position',	5,	1,	1,	1),
(33,	'group',	1,	1,	1,	1),
(33,	'group',	2,	1,	0,	0),
(35,	'position',	1,	1,	1,	1),
(35,	'position',	5,	1,	1,	1),
(35,	'group',	1,	1,	1,	1),
(35,	'group',	2,	1,	0,	0),
(36,	'position',	1,	1,	1,	1),
(36,	'position',	5,	1,	1,	1),
(36,	'group',	1,	1,	1,	1),
(36,	'group',	2,	1,	0,	0),
(40,	'position',	1,	1,	1,	1),
(40,	'position',	5,	1,	1,	1),
(40,	'group',	1,	1,	1,	1),
(40,	'group',	2,	1,	0,	0),
(41,	'position',	1,	1,	1,	1),
(41,	'position',	5,	1,	1,	1),
(41,	'group',	1,	1,	1,	1),
(41,	'group',	2,	1,	0,	0),
(42,	'position',	1,	1,	1,	1),
(42,	'position',	5,	1,	1,	1),
(42,	'group',	1,	1,	1,	1),
(42,	'group',	2,	1,	0,	0),
(53,	'position',	1,	1,	1,	1),
(53,	'position',	5,	1,	1,	1),
(53,	'position',	16,	1,	1,	1),
(53,	'group',	1,	1,	1,	1),
(53,	'group',	2,	1,	0,	0),
(54,	'position',	1,	1,	1,	1),
(54,	'position',	5,	1,	1,	1),
(54,	'position',	16,	1,	1,	1),
(54,	'group',	1,	1,	1,	1),
(54,	'group',	2,	1,	0,	0),
(55,	'position',	1,	1,	1,	1),
(55,	'position',	5,	1,	1,	1),
(55,	'position',	16,	1,	1,	1),
(55,	'group',	1,	1,	1,	1),
(55,	'group',	2,	1,	0,	0),
(56,	'position',	1,	1,	1,	1),
(56,	'position',	5,	1,	1,	1),
(56,	'position',	16,	1,	1,	1),
(56,	'group',	1,	1,	1,	1),
(56,	'group',	2,	1,	0,	0),
(57,	'position',	1,	1,	1,	1),
(57,	'position',	5,	1,	1,	1),
(57,	'position',	16,	1,	1,	1),
(57,	'group',	1,	1,	1,	1),
(57,	'group',	2,	1,	0,	0),
(58,	'position',	1,	1,	1,	1),
(58,	'position',	5,	1,	1,	1),
(58,	'position',	16,	1,	1,	1),
(58,	'group',	1,	1,	1,	1),
(58,	'group',	2,	1,	0,	0),
(59,	'position',	1,	1,	1,	1),
(59,	'position',	5,	1,	1,	1),
(59,	'position',	16,	1,	1,	1),
(59,	'group',	1,	1,	1,	1),
(59,	'group',	2,	1,	0,	0),
(60,	'position',	1,	1,	1,	1),
(60,	'position',	5,	1,	1,	1),
(60,	'position',	16,	1,	1,	1),
(60,	'group',	1,	1,	1,	1),
(60,	'group',	2,	1,	0,	0),
(61,	'position',	1,	1,	1,	1),
(61,	'position',	5,	1,	1,	1),
(61,	'position',	16,	1,	1,	1),
(61,	'group',	1,	1,	1,	1),
(61,	'group',	2,	1,	0,	0),
(62,	'position',	1,	1,	1,	1),
(62,	'position',	5,	1,	1,	1),
(62,	'position',	16,	1,	1,	1),
(62,	'group',	1,	1,	1,	1),
(62,	'group',	2,	1,	0,	0),
(63,	'position',	1,	1,	1,	1),
(63,	'position',	5,	1,	1,	1),
(63,	'position',	16,	1,	1,	1),
(63,	'group',	1,	1,	1,	1),
(63,	'group',	2,	1,	0,	0),
(64,	'position',	1,	1,	1,	1),
(64,	'position',	5,	1,	1,	1),
(64,	'position',	16,	1,	1,	1),
(64,	'group',	1,	1,	1,	1),
(64,	'group',	2,	1,	0,	0),
(65,	'position',	1,	1,	1,	1),
(65,	'position',	5,	1,	1,	1),
(65,	'position',	16,	1,	1,	1),
(65,	'group',	1,	1,	1,	1),
(65,	'group',	2,	1,	0,	0),
(67,	'position',	5,	1,	1,	1),
(67,	'position',	16,	1,	1,	1),
(67,	'group',	1,	1,	1,	1),
(67,	'group',	2,	1,	0,	0),
(68,	'position',	5,	1,	1,	1),
(68,	'position',	16,	1,	1,	1),
(68,	'group',	1,	1,	1,	1),
(68,	'group',	2,	1,	0,	0),
(73,	'position',	5,	1,	1,	1),
(73,	'position',	21,	1,	1,	1),
(73,	'group',	1,	1,	1,	1),
(73,	'group',	2,	1,	0,	0),
(74,	'employee',	42,	1,	1,	1),
(74,	'group',	1,	1,	1,	1),
(74,	'group',	2,	1,	0,	0),
(75,	'position',	24,	1,	1,	1),
(75,	'group',	1,	1,	1,	1),
(75,	'group',	2,	1,	0,	0),
(78,	'position',	1,	1,	1,	1),
(78,	'position',	5,	1,	1,	1),
(78,	'position',	21,	1,	1,	1),
(78,	'group',	1,	1,	1,	1),
(78,	'group',	2,	1,	0,	0),
(79,	'position',	5,	1,	1,	1),
(79,	'position',	21,	1,	1,	1),
(79,	'group',	1,	1,	1,	1),
(79,	'group',	2,	1,	0,	0),
(80,	'position',	5,	1,	1,	1),
(80,	'position',	21,	1,	1,	1),
(80,	'group',	1,	1,	1,	1),
(80,	'group',	2,	1,	0,	0),
(81,	'position',	5,	1,	1,	1),
(81,	'position',	21,	1,	1,	1),
(81,	'group',	1,	1,	1,	1),
(81,	'group',	2,	1,	0,	0),
(82,	'position',	5,	1,	1,	1),
(82,	'position',	21,	1,	1,	1),
(82,	'position',	31,	1,	1,	1),
(82,	'group',	1,	1,	1,	1),
(82,	'group',	2,	1,	0,	0),
(86,	'employee',	116,	1,	1,	1),
(86,	'group',	1,	1,	1,	1),
(86,	'group',	2,	1,	0,	0),
(87,	'position',	6,	1,	1,	1),
(87,	'position',	29,	1,	1,	1),
(87,	'group',	1,	1,	1,	1),
(87,	'group',	2,	1,	0,	0),
(88,	'position',	5,	1,	1,	1),
(88,	'position',	21,	1,	1,	1),
(88,	'position',	31,	1,	1,	1),
(88,	'position',	32,	1,	1,	1),
(88,	'position',	34,	1,	1,	1),
(88,	'group',	1,	1,	1,	1),
(88,	'group',	2,	1,	0,	0),
(88,	'group',	105,	1,	1,	1),
(89,	'position',	5,	1,	1,	1),
(89,	'position',	21,	1,	1,	1),
(89,	'position',	31,	1,	1,	1),
(89,	'position',	32,	1,	1,	1),
(89,	'group',	1,	1,	1,	1),
(89,	'group',	2,	1,	0,	0),
(90,	'position',	5,	1,	1,	1),
(90,	'position',	21,	1,	1,	1),
(90,	'position',	31,	1,	1,	1),
(90,	'position',	32,	1,	1,	1),
(90,	'group',	1,	1,	1,	1),
(90,	'group',	2,	1,	0,	0),
(91,	'position',	5,	1,	1,	1),
(91,	'position',	21,	1,	1,	1),
(91,	'position',	31,	1,	1,	1),
(91,	'position',	32,	1,	1,	1),
(91,	'group',	1,	1,	1,	1),
(91,	'group',	2,	1,	0,	0),
(92,	'position',	5,	1,	1,	1),
(92,	'position',	21,	1,	1,	1),
(92,	'position',	31,	1,	1,	1),
(92,	'position',	32,	1,	1,	1),
(92,	'position',	36,	1,	1,	1),
(92,	'group',	1,	1,	1,	1),
(92,	'group',	2,	1,	0,	0),
(93,	'position',	5,	1,	1,	1),
(93,	'position',	21,	1,	1,	1),
(93,	'position',	31,	1,	1,	1),
(93,	'position',	32,	1,	1,	1),
(93,	'position',	36,	1,	1,	1),
(93,	'group',	1,	1,	1,	1),
(93,	'group',	2,	1,	0,	0),
(94,	'position',	5,	1,	1,	1),
(94,	'position',	21,	1,	1,	1),
(94,	'position',	31,	1,	1,	1),
(94,	'position',	32,	1,	1,	1),
(94,	'position',	36,	1,	1,	1),
(94,	'group',	1,	1,	1,	1),
(94,	'group',	2,	1,	0,	0),
(95,	'position',	5,	1,	1,	1),
(95,	'position',	21,	1,	1,	1),
(95,	'position',	31,	1,	1,	1),
(95,	'position',	32,	1,	1,	1),
(95,	'position',	36,	1,	1,	1),
(95,	'group',	1,	1,	1,	1),
(95,	'group',	2,	1,	0,	0),
(96,	'position',	5,	1,	1,	1),
(96,	'position',	21,	1,	1,	1),
(96,	'position',	31,	1,	1,	1),
(96,	'position',	32,	1,	1,	1),
(96,	'position',	36,	1,	1,	1),
(96,	'group',	1,	1,	1,	1),
(96,	'group',	2,	1,	0,	0),
(97,	'position',	5,	1,	1,	1),
(97,	'position',	21,	1,	1,	1),
(97,	'position',	31,	1,	1,	1),
(97,	'position',	32,	1,	1,	1),
(97,	'position',	36,	1,	1,	1),
(97,	'group',	1,	1,	1,	1),
(97,	'group',	2,	1,	0,	0),
(98,	'position',	5,	1,	1,	1),
(98,	'position',	21,	1,	1,	1),
(98,	'position',	31,	1,	1,	1),
(98,	'position',	32,	1,	1,	1),
(98,	'position',	36,	1,	1,	1),
(98,	'group',	1,	1,	1,	1),
(98,	'group',	2,	1,	0,	0),
(99,	'position',	5,	1,	1,	1),
(99,	'position',	21,	1,	1,	1),
(99,	'position',	31,	1,	1,	1),
(99,	'position',	32,	1,	1,	1),
(99,	'position',	36,	1,	1,	1),
(99,	'group',	1,	1,	1,	1),
(99,	'group',	2,	1,	0,	0),
(100,	'position',	5,	1,	1,	1),
(100,	'position',	21,	1,	1,	1),
(100,	'position',	31,	1,	1,	1),
(100,	'position',	32,	1,	1,	1),
(100,	'position',	36,	1,	1,	1),
(100,	'group',	1,	1,	1,	1),
(100,	'group',	2,	1,	0,	0),
(101,	'position',	5,	1,	1,	1),
(101,	'position',	21,	1,	1,	1),
(101,	'position',	31,	1,	1,	1),
(101,	'position',	32,	1,	1,	1),
(101,	'position',	36,	1,	1,	1),
(101,	'group',	1,	1,	1,	1),
(101,	'group',	2,	1,	0,	0),
(102,	'position',	24,	1,	1,	1),
(102,	'group',	1,	1,	1,	1),
(102,	'group',	2,	1,	0,	0),
(103,	'employee',	180,	1,	1,	1),
(103,	'group',	1,	1,	1,	1),
(103,	'group',	2,	1,	0,	0),
(105,	'position',	4,	1,	1,	1),
(105,	'position',	30,	1,	1,	1),
(105,	'group',	1,	1,	1,	1),
(105,	'group',	2,	1,	0,	0),
(106,	'employee',	133,	1,	1,	1),
(106,	'group',	1,	1,	1,	1),
(106,	'group',	2,	1,	0,	0),
(107,	'employee',	206,	1,	1,	1),
(107,	'group',	1,	1,	1,	1),
(107,	'group',	2,	1,	0,	0),
(108,	'employee',	206,	1,	1,	1),
(108,	'group',	1,	1,	1,	1),
(108,	'group',	2,	1,	0,	0),
(109,	'employee',	206,	1,	1,	1),
(109,	'group',	1,	1,	1,	1),
(109,	'group',	2,	1,	0,	0),
(110,	'employee',	206,	1,	1,	1),
(110,	'group',	1,	1,	1,	1),
(110,	'group',	2,	1,	0,	0),
(111,	'employee',	206,	1,	1,	1),
(111,	'group',	1,	1,	1,	1),
(111,	'group',	2,	1,	0,	0),
(112,	'employee',	133,	1,	1,	1),
(112,	'group',	1,	1,	1,	1),
(112,	'group',	2,	1,	0,	0),
(113,	'position',	4,	1,	1,	1),
(113,	'position',	30,	1,	1,	1),
(113,	'group',	1,	1,	1,	1),
(113,	'group',	2,	1,	0,	0),
(115,	'employee',	221,	1,	1,	1),
(115,	'group',	1,	1,	1,	1),
(115,	'group',	2,	1,	0,	0),
(118,	'employee',	221,	1,	1,	1),
(118,	'group',	1,	1,	1,	1),
(118,	'group',	2,	1,	0,	0),
(119,	'employee',	222,	1,	1,	1),
(119,	'group',	1,	1,	1,	1),
(119,	'group',	2,	1,	0,	0),
(120,	'employee',	221,	1,	1,	1),
(120,	'group',	1,	1,	1,	1),
(120,	'group',	2,	1,	0,	0);

DROP TABLE IF EXISTS `group_tags`;
CREATE TABLE `group_tags` (
  `groupID` smallint(6) NOT NULL,
  `tag` varchar(100) NOT NULL,
  UNIQUE KEY `groupID` (`groupID`,`tag`),
  KEY `tag` (`tag`)
) ENGINE=InnoDB DEFAULT CHARSET=utf8;

INSERT INTO `group_tags` (`groupID`, `tag`) VALUES
(16,	'Academy_Demo1'),
(32,	'Academy_Demo1'),
(40,	'Academy_Demo1'),
(41,	'Academy_Demo1'),
(42,	'Academy_Demo1'),
(53,	'Academy_Demo1'),
(54,	'Academy_Demo1'),
(55,	'Academy_Demo1'),
(56,	'Academy_Demo1'),
(57,	'Academy_Demo1'),
(58,	'Academy_Demo1'),
(59,	'Academy_Demo1'),
(60,	'Academy_Demo1'),
(61,	'Academy_Demo1'),
(62,	'Academy_Demo1'),
(63,	'Academy_Demo1'),
(64,	'Academy_Demo1'),
(65,	'Academy_Demo1'),
(73,	'Academy_Demo1'),
(78,	'Academy_Demo1'),
(87,	'Academy_Demo1'),
(88,	'Academy_Demo1'),
(89,	'Academy_Demo1'),
(93,	'Academy_Demo1'),
(94,	'Academy_Demo1'),
(95,	'Academy_Demo1'),
(96,	'Academy_Demo1'),
(97,	'Academy_Demo1'),
(98,	'Academy_Demo1'),
(99,	'Academy_Demo1'),
(100,	'Academy_Demo1'),
(101,	'Academy_Demo1'),
(105,	'Academy_Demo1'),
(106,	'Academy_Demo1'),
(107,	'Academy_Demo1'),
(108,	'Academy_Demo1'),
(109,	'Academy_Demo1'),
(110,	'Academy_Demo1'),
(111,	'Academy_Demo1'),
(112,	'Academy_Demo1'),
(113,	'Academy_Demo1'),
(115,	'Academy_Demo1'),
(118,	'Academy_Demo1'),
(119,	'Academy_Demo1'),
(120,	'Academy_Demo1'),
(54,	'CPAC_group'),
(55,	'CPAC_group'),
(56,	'CPAC_group'),
(57,	'CPAC_group'),
(14,	'pentad'),
(28,	'pentad'),
(74,	'pentad'),
(79,	'pentad'),
(90,	'pentad'),
(14,	'service'),
(15,	'service'),
(26,	'service'),
(27,	'service'),
(28,	'service'),
(29,	'service'),
(30,	'service'),
(33,	'service'),
(35,	'service'),
(36,	'service'),
(67,	'service'),
(68,	'service'),
(74,	'service'),
(75,	'service'),
(79,	'service'),
(80,	'service'),
(81,	'service'),
(82,	'service'),
(86,	'service'),
(90,	'service'),
(91,	'service'),
(92,	'service'),
(102,	'service'),
(103,	'service');

DROP TABLE IF EXISTS `indicators`;
CREATE TABLE `indicators` (
  `indicatorID` smallint(5) NOT NULL AUTO_INCREMENT,
  `name` varchar(50) NOT NULL,
  `format` text NOT NULL,
  `description` varchar(50) DEFAULT NULL,
  `default` varchar(20) DEFAULT NULL,
  `parentID` smallint(5) unsigned DEFAULT NULL,
  `categoryID` enum('employee','position','group') NOT NULL,
  `html` varchar(255) DEFAULT NULL,
  `jsSort` varchar(255) DEFAULT NULL,
  `required` tinyint(4) NOT NULL DEFAULT '0',
  `sort` tinyint(4) NOT NULL DEFAULT '1',
  `timeAdded` timestamp NOT NULL DEFAULT CURRENT_TIMESTAMP,
  `encrypted` tinyint(1) NOT NULL DEFAULT '0',
  `disabled` tinyint(4) NOT NULL DEFAULT '0',
  PRIMARY KEY (`indicatorID`),
  KEY `parentID` (`parentID`),
  KEY `sort` (`sort`),
  KEY `categoryID` (`categoryID`),
  KEY `name` (`name`)
) ENGINE=InnoDB DEFAULT CHARSET=utf8;

INSERT INTO `indicators` (`indicatorID`, `name`, `format`, `description`, `default`, `parentID`, `categoryID`, `html`, `jsSort`, `required`, `sort`, `timeAdded`, `encrypted`, `disabled`) VALUES
(1,	'Photo',	'image',	NULL,	NULL,	NULL,	'employee',	NULL,	NULL,	0,	1,	'2011-11-07 23:55:49',	0,	0),
(2,	'Pay Plan',	'dropdown\r\n\r\nGS\r\nWG\r\nVM\r\nVN\r\nNS\r\nNA\r\nAD\r\nWS\r\nWL\r\nVP\r\nVC\r\nES\r\nFEE\r\nLVN\r\nRN\r\nL\r\nU\r\nQ\r\nK\r\nV1',	NULL,	NULL,	NULL,	'position',	NULL,	NULL,	1,	1,	'2011-12-09 06:27:37',	0,	0),
(3,	'Position Description',	'fileupload',	NULL,	NULL,	NULL,	'position',	NULL,	NULL,	1,	10,	'2011-12-09 06:38:12',	0,	0),
(4,	'FTE Ceiling',	'number',	NULL,	NULL,	NULL,	'group',	NULL,	NULL,	1,	1,	'2012-01-25 23:46:27',	0,	0),
(5,	'Phone',	'text',	NULL,	NULL,	NULL,	'employee',	NULL,	NULL,	1,	1,	'2012-03-01 22:57:20',	0,	0),
(6,	'Email',	'text',	NULL,	NULL,	NULL,	'employee',	NULL,	NULL,	1,	1,	'2012-03-01 22:57:20',	0,	0),
(7,	'Pager',	'text',	NULL,	NULL,	NULL,	'employee',	NULL,	NULL,	0,	1,	'2012-03-01 22:57:47',	0,	0),
(8,	'Room',	'text',	NULL,	NULL,	NULL,	'employee',	NULL,	NULL,	1,	1,	'2012-03-01 22:57:47',	0,	0),
(9,	'PD Number',	'text',	NULL,	NULL,	NULL,	'position',	NULL,	NULL,	1,	6,	'2012-03-05 22:47:55',	0,	0),
(10,	'Logo',	'image',	NULL,	NULL,	NULL,	'group',	NULL,	NULL,	0,	1,	'2012-03-18 06:10:44',	0,	0),
(11,	'FTE Ceiling',	'number',	NULL,	'1',	NULL,	'position',	NULL,	NULL,	1,	4,	'2012-03-21 05:51:02',	0,	0),
(12,	'Classification Title',	'text',	NULL,	NULL,	NULL,	'position',	NULL,	NULL,	1,	5,	'2012-03-21 17:02:59',	0,	0),
(13,	'Series',	'text',	NULL,	NULL,	NULL,	'position',	NULL,	NULL,	1,	2,	'2012-05-21 04:18:07',	0,	0),
(14,	'Pay Grade',	'text',	NULL,	NULL,	NULL,	'position',	NULL,	NULL,	1,	3,	'2012-05-21 04:19:37',	0,	0),
(15,	'system',	'json',	NULL,	NULL,	NULL,	'position',	NULL,	NULL,	0,	99,	'2012-05-21 05:32:51',	0,	0),
(16,	'Mobile',	'text',	NULL,	NULL,	NULL,	'employee',	NULL,	NULL,	0,	1,	'2012-05-30 22:51:13',	0,	0),
(17,	'Current FTE',	'number',	NULL,	NULL,	NULL,	'position',	NULL,	NULL,	1,	4,	'2012-06-13 20:50:19',	0,	0),
(18,	'Functional Statement',	'fileupload',	NULL,	NULL,	NULL,	'position',	NULL,	NULL,	1,	15,	'2012-06-13 20:51:15',	0,	0),
(19,	'Total Headcount',	'number',	NULL,	NULL,	NULL,	'position',	NULL,	NULL,	1,	4,	'2012-11-29 23:05:28',	0,	0),
(20,	'EIN',	'number',	NULL,	NULL,	NULL,	'employee',	NULL,	NULL,	0,	1,	'2013-05-22 22:24:34',	0,	0),
(21,	'Recruitment Documents',	'fileupload',	NULL,	NULL,	NULL,	'position',	NULL,	NULL,	1,	11,	'2015-05-01 15:11:39',	0,	0),
(22,	'Organization Code',	'text',	NULL,	NULL,	NULL,	'position',	NULL,	NULL,	1,	20,	'2015-05-01 15:11:44',	0,	0),
(23,	'AD Title',	'text',	NULL,	NULL,	NULL,	'employee',	NULL,	NULL,	0,	1,	'2016-10-12 20:57:07',	0,	0),
(24,	'Contact Info',	'text',	NULL,	NULL,	NULL,	'group',	NULL,	NULL,	1,	1,	'2016-10-12 20:57:08',	0,	0),
(25,	'Location',	'text',	NULL,	NULL,	NULL,	'group',	NULL,	NULL,	1,	1,	'2016-10-12 20:57:08',	0,	0),
(26,	'HR Smart Position Number',	'number',	NULL,	NULL,	NULL,	'position',	NULL,	NULL,	1,	6,	'2016-10-20 21:20:45',	0,	0),
(27,	'LEAF Developer Console Access',	'checkbox\r\nYes',	NULL,	NULL,	NULL,	'employee',	NULL,	NULL,	0,	98,	'2020-01-10 19:46:57',	0,	0),
(28,	'LEAF Developer Console Request Reference',	'text',	NULL,	NULL,	NULL,	'employee',	NULL,	NULL,	0,	99,	'2020-01-10 19:46:57',	0,	0);

DROP TABLE IF EXISTS `indicator_privileges`;
CREATE TABLE `indicator_privileges` (
  `indicatorID` smallint(5) NOT NULL,
  `categoryID` enum('employee','position','group') NOT NULL,
  `UID` mediumint(8) unsigned NOT NULL,
  `read` tinyint(1) NOT NULL DEFAULT '0',
  `write` tinyint(1) NOT NULL DEFAULT '0',
  `grant` tinyint(1) NOT NULL DEFAULT '0',
  UNIQUE KEY `indicatorID` (`indicatorID`,`categoryID`,`UID`)
) ENGINE=InnoDB DEFAULT CHARSET=utf8;

INSERT INTO `indicator_privileges` (`indicatorID`, `categoryID`, `UID`, `read`, `write`, `grant`) VALUES
(1,	'group',	1,	1,	1,	1),
(1,	'group',	2,	1,	0,	0),
(1,	'group',	3,	1,	1,	0),
(2,	'group',	1,	1,	1,	1),
(2,	'group',	2,	1,	0,	0),
(2,	'group',	11,	1,	1,	0),
(3,	'group',	1,	1,	1,	1),
(3,	'group',	2,	1,	0,	0),
(3,	'group',	11,	1,	1,	0),
(5,	'group',	1,	1,	1,	1),
(5,	'group',	2,	1,	0,	0),
(5,	'group',	3,	1,	1,	0),
(6,	'group',	1,	1,	1,	1),
(6,	'group',	2,	1,	0,	0),
(8,	'group',	1,	1,	1,	1),
(8,	'group',	2,	1,	0,	0),
(8,	'group',	3,	1,	1,	0),
(9,	'group',	1,	1,	1,	1),
(9,	'group',	2,	1,	0,	0),
(9,	'group',	11,	1,	1,	0),
(11,	'group',	1,	1,	1,	1),
(11,	'group',	2,	1,	0,	0),
(11,	'group',	11,	1,	1,	0),
(12,	'group',	1,	1,	1,	1),
(12,	'group',	2,	1,	0,	0),
(12,	'group',	11,	1,	1,	0),
(13,	'group',	1,	1,	1,	1),
(13,	'group',	2,	1,	0,	0),
(13,	'group',	11,	1,	1,	0),
(14,	'employee',	116,	1,	1,	1),
(14,	'group',	1,	1,	1,	1),
(14,	'group',	2,	1,	0,	0),
(14,	'group',	11,	1,	1,	0),
(15,	'group',	1,	1,	1,	1),
(15,	'group',	2,	1,	0,	0),
(15,	'group',	11,	1,	1,	0),
(17,	'group',	1,	1,	1,	1),
(17,	'group',	2,	1,	0,	0),
(17,	'group',	11,	1,	1,	0),
(18,	'group',	1,	1,	1,	1),
(18,	'group',	2,	1,	0,	0),
(18,	'group',	11,	1,	1,	0),
(19,	'group',	1,	1,	1,	1),
(19,	'group',	2,	1,	0,	0),
(19,	'group',	11,	1,	1,	0),
(23,	'group',	1,	1,	1,	1),
(23,	'group',	2,	1,	0,	0),
(24,	'group',	1,	1,	1,	1),
(24,	'group',	2,	1,	0,	0),
(25,	'group',	1,	1,	1,	1),
(25,	'group',	2,	1,	0,	0),
(26,	'employee',	42,	1,	1,	1),
(27,	'group',	2,	1,	0,	0),
(28,	'group',	2,	1,	0,	0);

DROP TABLE IF EXISTS `positions`;
CREATE TABLE `positions` (
  `positionID` smallint(5) unsigned NOT NULL AUTO_INCREMENT,
  `parentID` smallint(6) unsigned NOT NULL DEFAULT '0',
  `positionTitle` varchar(100) NOT NULL,
  `phoneticPositionTitle` varchar(100) NOT NULL DEFAULT '',
  `numberFTE` tinyint(3) unsigned NOT NULL DEFAULT '1',
  PRIMARY KEY (`positionID`),
  KEY `positionTitle` (`positionTitle`),
  KEY `numberFTE` (`numberFTE`),
  KEY `parentID` (`parentID`),
  KEY `phoneticPositionTitle` (`phoneticPositionTitle`)
) ENGINE=InnoDB DEFAULT CHARSET=utf8;

INSERT INTO `positions` (`positionID`, `parentID`, `positionTitle`, `phoneticPositionTitle`, `numberFTE`) VALUES
(1,	0,	'Network Director',	'NTWRKTRKTR',	1),
(2,	1,	'Chief of Staff',	'XFFSTF',	1),
(3,	1,	'Chief of Everything',	'XFFFR0NK',	1),
(4,	1,	'Chief Biomed for the VISN',	'XFBMTFR0FSN',	1),
(5,	1,	'Associate Director',	'ASXTTRKTR',	1),
(6,	5,	'Human Resources Officer',	'HMNRSRSSFSR',	1),
(7,	5,	'Chief, Medical Records',	'XFMTKLRKRTS',	1),
(8,	1,	'AD, Patient Services',	'ATPTNTSRFSS',	1),
(9,	8,	'Chief, Acute Care',	'XFKTKR',	1),
(10,	8,	'Chief, GEC',	'XFJK',	1),
(11,	3,	'LEAF Coaches',	'LFKXS',	1),
(12,	1,	'Assistant Director',	'ASSTNTTRKTR',	1),
(13,	12,	'Chief, Facilties',	'XFFSLTS',	1),
(14,	12,	'Chief, Ground Services',	'XFKRNTSRFSS',	1),
(15,	3,	'test',	'TST',	1),
(17,	1,	'HSS',	'S',	1),
(20,	1,	'Associate Director',	'ASXTTRKTR',	1),
(21,	20,	'Chief, Supply Chain Management',	'XFSPLXNMNJMNT',	1),
(22,	20,	'HRO, Human Resources',	'RHMNRSRSS',	1),
(23,	22,	'HR Specialist',	'RSPXLST',	1),
(24,	1,	'Professional Animal Lover',	'PRFSNLNMLLFR',	1),
(25,	24,	'Animal Banker (1.85 FTE)',	'ANMLBNKRFT',	1),
(26,	25,	'Money Bags',	'MNBKS',	1),
(27,	25,	'Poor House',	'PRHS',	1),
(28,	1,	'Chief of Staff',	'XFFSTF',	1),
(29,	20,	'Chief, Logistics',	'XFLJSTKS',	1),
(30,	10,	'Nurse, GEC',	'NRSJK',	1),
(31,	28,	'Deputy COS',	'TPTKS',	1),
(32,	31,	'Chief, Surgical Services',	'XFSRJKLSRFSS',	1),
(33,	24,	'Accountability Officer',	'AKKNTBLTFSR',	1),
(34,	33,	'Coffeee Person',	'KFPRSN',	1),
(35,	1,	'Associate Director',	'ASXTTRKTR',	1),
(36,	8,	'Chief, Nursing',	'XFNRSNK',	1),
(37,	35,	'Chief, Dog Sitters',	'XFTKSTRS',	1),
(38,	37,	'Dog Sitter North Region',	'TKSTRNR0RJN',	1),
(39,	37,	'Dog Sitter South Region',	'TKSTRS0RJN',	1),
(40,	37,	'Dog Sitter West Region',	'TKSTRWSTRJN',	1),
(41,	24,	'Meme writer',	'MMRTR',	1),
(42,	3,	'All things wonderful',	'AL0NKSWNTRFL',	1),
(43,	24,	'Chief coffee buyer',	'XFKFBYR',	1),
(44,	43,	'Assistant #1',	'ASSTNT',	1),
(45,	43,	'Assistant #2',	'ASSTNT',	1);

DROP TABLE IF EXISTS `position_data`;
CREATE TABLE `position_data` (
  `positionID` smallint(5) unsigned NOT NULL,
  `indicatorID` smallint(5) NOT NULL,
  `data` text NOT NULL,
  `author` varchar(30) NOT NULL,
  `timestamp` int(10) unsigned NOT NULL DEFAULT '0',
  PRIMARY KEY (`positionID`,`indicatorID`),
  KEY `indicatorID` (`indicatorID`)
) ENGINE=InnoDB DEFAULT CHARSET=utf8;

INSERT INTO `position_data` (`positionID`, `indicatorID`, `data`, `author`, `timestamp`) VALUES
(1,	2,	'GS',	'VHAPREHALLS',	1523554674),
(1,	15,	'{&quot;1&quot;:{&quot;x&quot;:495,&quot;y&quot;:101,&quot;zoom&quot;:2}}',	'VHAMACBOWLEG',	1521568108),
(2,	9,	'Leaf #123',	'VHAMORHILLC',	1477590532),
(2,	15,	'{&quot;1&quot;:{&quot;x&quot;:238,&quot;y&quot;:211}}',	'VHAMACBOWLEG',	1521568106),
(3,	15,	'{&quot;3&quot;:{&quot;x&quot;:167.3899993896484375,&quot;y&quot;:115.59999847412109375},&quot;1&quot;:{&quot;x&quot;:872.38995361328125,&quot;y&quot;:459.389984130859375}}',	'VHAMACBOWLEG',	1537811932),
(4,	15,	'{&quot;1&quot;:{&quot;x&quot;:27,&quot;y&quot;:299}}',	'VHAMACBOWLEG',	1521568096),
(5,	15,	'{&quot;1&quot;:{&quot;x&quot;:603,&quot;y&quot;:210}}',	'VHAPREHALLS',	1521468525),
(6,	15,	'{&quot;1&quot;:{&quot;x&quot;:604,&quot;y&quot;:268}}',	'VHAPREHALLS',	1521468523),
(7,	15,	'{&quot;1&quot;:{&quot;x&quot;:604,&quot;y&quot;:327}}',	'VHAPREHALLS',	1521468529),
(8,	15,	'{&quot;1&quot;:{&quot;x&quot;:1031,&quot;y&quot;:173}}',	'VHAPREHALLS',	1521468484),
(9,	15,	'{&quot;1&quot;:{&quot;x&quot;:1029,&quot;y&quot;:230}}',	'VHAPREHALLS',	1521468550),
(10,	15,	'{&quot;1&quot;:{&quot;x&quot;:1025,&quot;y&quot;:284}}',	'VHAPREHALLS',	1521468554),
(11,	15,	'{&quot;3&quot;:{&quot;x&quot;:48.3899993896484375,&quot;y&quot;:299.600006103515625},&quot;1&quot;:{&quot;x&quot;:792,&quot;y&quot;:518}}',	'VHAMACBOWLEG',	1537811926),
(12,	15,	'{&quot;1&quot;:{&quot;x&quot;:834,&quot;y&quot;:208}}',	'VHAPREHALLS',	1521468502),
(13,	15,	'{&quot;1&quot;:{&quot;x&quot;:834,&quot;y&quot;:263}}',	'VHAPREHALLS',	1521468519),
(14,	15,	'{&quot;1&quot;:{&quot;x&quot;:832,&quot;y&quot;:317}}',	'VHAPREHALLS',	1521468563),
(15,	15,	'{&quot;3&quot;:{&quot;x&quot;:272.389984130859375,&quot;y&quot;:303},&quot;1&quot;:{&quot;x&quot;:795.39996337890625,&quot;y&quot;:572}}',	'VHAMACBOWLEG',	1537811929),
(17,	15,	'{&quot;1&quot;:{&quot;x&quot;:24,&quot;y&quot;:352}}',	'VHAMACBOWLEG',	1521568099),
(20,	15,	'{&quot;1&quot;:{&quot;x&quot;:1199,&quot;y&quot;:168}}',	'VHAPREHALLS',	1521468511),
(21,	2,	'GS',	'VHAPREHALLS',	1520534741),
(21,	11,	'1',	'VHAPREHALLS',	1520534775),
(21,	13,	'0343',	'VHAPREHALLS',	1520534749),
(21,	14,	'12',	'VHAPREHALLS',	1520534757),
(21,	15,	'{&quot;1&quot;:{&quot;x&quot;:1192.719970703125,&quot;y&quot;:231}}',	'VHAPREHALLS',	1521468569),
(22,	15,	'{&quot;1&quot;:{&quot;x&quot;:1198.719970703125,&quot;y&quot;:295}}',	'VHAPREHALLS',	1521468572),
(23,	2,	'GS',	'VHAPREHALLS',	1520535264),
(23,	13,	'0302',	'VHAPREHALLS',	1520535275),
(23,	15,	'{&quot;1&quot;:{&quot;x&quot;:1197.719970703125,&quot;y&quot;:346}}',	'VHAPREHALLS',	1521468575),
(24,	15,	'{&quot;1&quot;:{&quot;x&quot;:617,&quot;y&quot;:427,&quot;hideSubordinates&quot;:1},&quot;24&quot;:{&quot;x&quot;:363,&quot;y&quot;:237}}',	'VHAPREHALLS',	1544642387),
(25,	15,	'{&quot;1&quot;:{&quot;hideSubordinates&quot;:1,&quot;x&quot;:205,&quot;y&quot;:389},&quot;25&quot;:{&quot;x&quot;:452,&quot;y&quot;:158},&quot;24&quot;:{&quot;x&quot;:353,&quot;y&quot;:360}}',	'VHAMACBOWLEG',	1521569040),
(26,	2,	'GS',	'VHAMACBOWLEG',	1521568198),
(26,	9,	'LEAF 1234 VACANT',	'VHAMACBOWLEG',	1521568321),
(26,	11,	'.85',	'VHAMACBOWLEG',	1521568429),
(26,	12,	'Money Bags',	'VHAMACBOWLEG',	1521568256),
(26,	13,	'343',	'VHAMACBOWLEG',	1521568204),
(26,	14,	'13',	'VHAMACBOWLEG',	1521568209),
(26,	15,	'{&quot;1&quot;:{&quot;x&quot;:120,&quot;y&quot;:472},&quot;25&quot;:{&quot;x&quot;:346,&quot;y&quot;:325},&quot;24&quot;:{&quot;x&quot;:343,&quot;y&quot;:433}}',	'VHAMACBOWLEG',	1521569021),
(26,	17,	'0',	'VHAMACBOWLEG',	1521568738),
(26,	19,	'1',	'VHAMACBOWLEG',	1521568227),
(27,	2,	'GS',	'VHAMACBOWLEG',	1521568846),
(27,	11,	'1',	'VHAMACBOWLEG',	1521568864),
(27,	13,	'343',	'VHAMACBOWLEG',	1521568854),
(27,	14,	'09',	'VHAMACBOWLEG',	1521568858),
(27,	15,	'{&quot;1&quot;:{&quot;x&quot;:286,&quot;y&quot;:486},&quot;25&quot;:{&quot;x&quot;:554,&quot;y&quot;:330},&quot;24&quot;:{&quot;x&quot;:595,&quot;y&quot;:429}}',	'VHAMACBOWLEG',	1521569023),
(27,	17,	'1',	'VHAMACBOWLEG',	1521568868),
(27,	19,	'1',	'VHAMACBOWLEG',	1521568874),
(28,	15,	'{&quot;1&quot;:{&quot;hideSubordinates&quot;:1,&quot;x&quot;:389,&quot;y&quot;:199}}',	'VHAMACBOWLEG',	1537810865),
(29,	15,	'{&quot;1&quot;:{&quot;x&quot;:1199,&quot;y&quot;:405}}',	'VHAPREHALLS',	1528392784),
(30,	2,	'RN',	'VHAPREHALLS',	1523555765),
(30,	11,	'1',	'VHAPREHALLS',	1523555802),
(30,	13,	'210',	'VHAPREHALLS',	1523555775),
(30,	14,	'3',	'VHAPREHALLS',	1523555784),
(30,	15,	'{&quot;1&quot;:{&quot;x&quot;:1022,&quot;y&quot;:340}}',	'VHAPREHALLS',	1523555881),
(30,	17,	'.5',	'VHAPREHALLS',	1523555835),
(30,	19,	'1',	'VHAPREHALLS',	1523555825),
(31,	15,	'{&quot;1&quot;:{&quot;x&quot;:398,&quot;y&quot;:262}}',	'VHAPREHALLS',	1523556289),
(32,	15,	'{&quot;1&quot;:{&quot;x&quot;:411,&quot;y&quot;:340}}',	'VHAPREHALLS',	1523556293),
(34,	2,	'GS',	'VHAPREDILLIJ',	1525975601),
(34,	13,	'303',	'VHAPREDILLIJ',	1525975609),
(34,	14,	'17',	'VHAPREDILLIJ',	1525975680),
(35,	15,	'{&quot;35&quot;:{&quot;x&quot;:637.79998779296875,&quot;y&quot;:249.1199951171875}}',	'VHAMACBOWLEG',	1537810922),
(36,	15,	'{&quot;1&quot;:{&quot;x&quot;:60,&quot;y&quot;:208}}',	'vhawasgaom1',	1582657554),
(37,	15,	'{&quot;1&quot;:{&quot;hideSubordinates&quot;:0,&quot;x&quot;:430,&quot;y&quot;:440},&quot;35&quot;:{&quot;x&quot;:215.399993896484375,&quot;y&quot;:133.989990234375},&quot;37&quot;:{&quot;x&quot;:211.1999969482421875,&quot;y&quot;:108.79000091552734375}}',	'VHABOIAnderK',	1539108689),
(38,	15,	'{&quot;37&quot;:{&quot;x&quot;:94.59999847412109375,&quot;y&quot;:362.600006103515625}}',	'VHAMACBOWLEG',	1537810898),
(39,	15,	'{&quot;37&quot;:{&quot;x&quot;:97.59999847412109375,&quot;y&quot;:274.199981689453125}}',	'VHAMACBOWLEG',	1537810899),
(40,	15,	'{&quot;37&quot;:{&quot;x&quot;:336.79998779296875,&quot;y&quot;:275.19000244140625}}',	'VHAMACBOWLEG',	1537810901),
(42,	2,	'GS',	'VHAMACBOWLEG',	1537811716),
(42,	11,	'0.85',	'VHAMACBOWLEG',	1537811752),
(42,	12,	'HHS',	'VHAMACBOWLEG',	1537811778),
(42,	13,	'341',	'VHAMACBOWLEG',	1537811732),
(42,	14,	'13',	'VHAMACBOWLEG',	1537811743),
(42,	15,	'{&quot;3&quot;:{&quot;x&quot;:44.799999237060546875,&quot;y&quot;:364.79998779296875},&quot;1&quot;:{&quot;x&quot;:960.79998779296875,&quot;y&quot;:520}}',	'VHAMACBOWLEG',	1537811916),
(42,	17,	'0.85',	'VHAMACBOWLEG',	1537811757),
(42,	19,	'1',	'VHAMACBOWLEG',	1537811765),
(42,	26,	'91236549',	'VHAMACBOWLEG',	1537811881),
(43,	15,	'{&quot;24&quot;:{&quot;x&quot;:20,&quot;y&quot;:239.3199920654296875}}',	'VHABOIAnderK',	1539108822);

DROP TABLE IF EXISTS `position_data_history`;
CREATE TABLE `position_data_history` (
  `positionID` smallint(5) unsigned NOT NULL,
  `indicatorID` smallint(5) NOT NULL,
  `data` text NOT NULL,
  `author` varchar(30) NOT NULL,
  `timestamp` int(10) unsigned NOT NULL DEFAULT '0',
  KEY `timestamp` (`timestamp`),
  KEY `positionID` (`positionID`,`indicatorID`)
) ENGINE=InnoDB DEFAULT CHARSET=utf8;

INSERT INTO `position_data_history` (`positionID`, `indicatorID`, `data`, `author`, `timestamp`) VALUES
(2,	9,	'Leaf #123',	'VHAMORHILLC',	1477590532),
(2,	15,	'{&quot;1&quot;:{&quot;x&quot;:192,&quot;y&quot;:206}}',	'vhawasgaom1',	1488383929),
(3,	15,	'{&quot;1&quot;:{&quot;x&quot;:391,&quot;y&quot;:211}}',	'vhawasgaom1',	1488383930),
(4,	15,	'{&quot;1&quot;:{&quot;x&quot;:637,&quot;y&quot;:225}}',	'vhawasgaom1',	1488383932),
(5,	15,	'{&quot;1&quot;:{&quot;x&quot;:578,&quot;y&quot;:171}}',	'VHAPREHALLS',	1515695984),
(4,	15,	'{&quot;1&quot;:{&quot;x&quot;:830,&quot;y&quot;:167}}',	'VHAPREHALLS',	1515695988),
(8,	15,	'{&quot;1&quot;:{&quot;x&quot;:2,&quot;y&quot;:195}}',	'VHAPREHALLS',	1515695991),
(12,	15,	'{&quot;1&quot;:{&quot;x&quot;:583,&quot;y&quot;:267}}',	'VHAPREHALLS',	1515695997),
(11,	15,	'{&quot;1&quot;:{&quot;x&quot;:187,&quot;y&quot;:284}}',	'VHAPREHALLS',	1515696001),
(6,	15,	'{&quot;1&quot;:{&quot;x&quot;:582,&quot;y&quot;:334}}',	'VHAPREHALLS',	1515696008),
(7,	15,	'{&quot;1&quot;:{&quot;x&quot;:587,&quot;y&quot;:391}}',	'VHAPREHALLS',	1515696012),
(9,	15,	'{&quot;1&quot;:{&quot;x&quot;:1,&quot;y&quot;:259}}',	'VHAPREHALLS',	1515696016),
(10,	15,	'{&quot;1&quot;:{&quot;x&quot;:6,&quot;y&quot;:325.7899932861328}}',	'VHAPREHALLS',	1515696022),
(21,	2,	'GS',	'VHAPREHALLS',	1520534741),
(21,	13,	'0343',	'VHAPREHALLS',	1520534749),
(21,	14,	'12',	'VHAPREHALLS',	1520534757),
(21,	11,	'1',	'VHAPREHALLS',	1520534775),
(20,	15,	'{&quot;1&quot;:{&quot;x&quot;:1219,&quot;y&quot;:115}}',	'VHAPREHALLS',	1520534892),
(21,	15,	'{&quot;1&quot;:{&quot;x&quot;:1284,&quot;y&quot;:214}}',	'VHAPREHALLS',	1520534895),
(22,	15,	'{&quot;1&quot;:{&quot;x&quot;:1278,&quot;y&quot;:291}}',	'VHAPREHALLS',	1520534899),
(9,	15,	'{&quot;1&quot;:{&quot;x&quot;:222,&quot;y&quot;:368}}',	'VHAPREHALLS',	1520534905),
(11,	15,	'{&quot;1&quot;:{&quot;x&quot;:386,&quot;y&quot;:298}}',	'VHAPREHALLS',	1520534908),
(10,	15,	'{&quot;1&quot;:{&quot;x&quot;:-1,&quot;y&quot;:261}}',	'VHAPREHALLS',	1520534913),
(18,	15,	'{&quot;1&quot;:{&quot;x&quot;:1711,&quot;y&quot;:138}}',	'VHAPREHALLS',	1520534917),
(15,	15,	'{&quot;1&quot;:{&quot;x&quot;:388,&quot;y&quot;:360}}',	'VHAPREHALLS',	1520534921),
(23,	2,	'GS',	'VHAPREHALLS',	1520535264),
(23,	13,	'0302',	'VHAPREHALLS',	1520535275),
(23,	15,	'{&quot;1&quot;:{&quot;x&quot;:1342,&quot;y&quot;:347}}',	'VHAPREHALLS',	1520535305),
(10,	15,	'{&quot;1&quot;:{&quot;x&quot;:192,&quot;y&quot;:275}}',	'VHAPREHALLS',	1521468470),
(19,	15,	'{&quot;1&quot;:{&quot;x&quot;:15,&quot;y&quot;:126}}',	'VHAPREHALLS',	1521468474),
(17,	15,	'{&quot;1&quot;:{&quot;x&quot;:14,&quot;y&quot;:168}}',	'VHAPREHALLS',	1521468478),
(8,	15,	'{&quot;1&quot;:{&quot;x&quot;:1031,&quot;y&quot;:173}}',	'VHAPREHALLS',	1521468484),
(4,	15,	'{&quot;1&quot;:{&quot;x&quot;:11,&quot;y&quot;:246}}',	'VHAPREHALLS',	1521468493),
(13,	15,	'{&quot;1&quot;:{&quot;x&quot;:563,&quot;y&quot;:320}}',	'VHAPREHALLS',	1521468499),
(12,	15,	'{&quot;1&quot;:{&quot;x&quot;:834,&quot;y&quot;:208}}',	'VHAPREHALLS',	1521468502),
(20,	15,	'{&quot;1&quot;:{&quot;x&quot;:1199,&quot;y&quot;:168}}',	'VHAPREHALLS',	1521468511),
(5,	15,	'{&quot;1&quot;:{&quot;x&quot;:610,&quot;y&quot;:174}}',	'VHAPREHALLS',	1521468515),
(13,	15,	'{&quot;1&quot;:{&quot;x&quot;:834,&quot;y&quot;:263}}',	'VHAPREHALLS',	1521468519),
(6,	15,	'{&quot;1&quot;:{&quot;x&quot;:604,&quot;y&quot;:268}}',	'VHAPREHALLS',	1521468523),
(5,	15,	'{&quot;1&quot;:{&quot;x&quot;:603,&quot;y&quot;:210}}',	'VHAPREHALLS',	1521468525),
(7,	15,	'{&quot;1&quot;:{&quot;x&quot;:604,&quot;y&quot;:327}}',	'VHAPREHALLS',	1521468529),
(11,	15,	'{&quot;1&quot;:{&quot;x&quot;:387,&quot;y&quot;:270}}',	'VHAPREHALLS',	1521468533),
(3,	15,	'{&quot;1&quot;:{&quot;x&quot;:410,&quot;y&quot;:213}}',	'VHAPREHALLS',	1521468537),
(11,	15,	'{&quot;1&quot;:{&quot;x&quot;:408,&quot;y&quot;:272}}',	'VHAPREHALLS',	1521468540),
(15,	15,	'{&quot;1&quot;:{&quot;x&quot;:401,&quot;y&quot;:326}}',	'VHAPREHALLS',	1521468545),
(9,	15,	'{&quot;1&quot;:{&quot;x&quot;:1029,&quot;y&quot;:230}}',	'VHAPREHALLS',	1521468550),
(10,	15,	'{&quot;1&quot;:{&quot;x&quot;:1025,&quot;y&quot;:284}}',	'VHAPREHALLS',	1521468554),
(2,	15,	'{&quot;1&quot;:{&quot;x&quot;:209,&quot;y&quot;:214}}',	'VHAPREHALLS',	1521468559),
(14,	15,	'{&quot;1&quot;:{&quot;x&quot;:832,&quot;y&quot;:317}}',	'VHAPREHALLS',	1521468563),
(21,	15,	'{&quot;1&quot;:{&quot;x&quot;:1192.719970703125,&quot;y&quot;:231}}',	'VHAPREHALLS',	1521468569),
(22,	15,	'{&quot;1&quot;:{&quot;x&quot;:1198.719970703125,&quot;y&quot;:295}}',	'VHAPREHALLS',	1521468572),
(23,	15,	'{&quot;1&quot;:{&quot;x&quot;:1197.719970703125,&quot;y&quot;:346}}',	'VHAPREHALLS',	1521468575),
(18,	15,	'{&quot;1&quot;:{&quot;x&quot;:15,&quot;y&quot;:220}}',	'VHAPREHALLS',	1521468581),
(18,	15,	'{&quot;1&quot;:{&quot;x&quot;:-2,&quot;y&quot;:331}}',	'VHAPREHALLS',	1521468585),
(4,	15,	'{&quot;1&quot;:{&quot;x&quot;:15,&quot;y&quot;:238}}',	'VHAPREHALLS',	1521468593),
(24,	15,	'{&quot;1&quot;:{&quot;x&quot;:213,&quot;y&quot;:404}}',	'VHAMACBOWLEG',	1521568084),
(24,	15,	'{&quot;1&quot;:{&quot;x&quot;:192,&quot;y&quot;:341}}',	'VHAMACBOWLEG',	1521568086),
(24,	15,	'{&quot;1&quot;:{&quot;x&quot;:200,&quot;y&quot;:320}}',	'VHAMACBOWLEG',	1521568089),
(25,	15,	'{&quot;1&quot;:{&quot;x&quot;:121,&quot;y&quot;:400}}',	'VHAMACBOWLEG',	1521568091),
(24,	15,	'{&quot;1&quot;:{&quot;x&quot;:189,&quot;y&quot;:316}}',	'VHAMACBOWLEG',	1521568093),
(4,	15,	'{&quot;1&quot;:{&quot;x&quot;:27,&quot;y&quot;:299}}',	'VHAMACBOWLEG',	1521568096),
(17,	15,	'{&quot;1&quot;:{&quot;x&quot;:24,&quot;y&quot;:352}}',	'VHAMACBOWLEG',	1521568099),
(24,	15,	'{&quot;1&quot;:{&quot;x&quot;:212,&quot;y&quot;:304}}',	'VHAMACBOWLEG',	1521568101),
(25,	15,	'{&quot;1&quot;:{&quot;x&quot;:206,&quot;y&quot;:363}}',	'VHAMACBOWLEG',	1521568103),
(2,	15,	'{&quot;1&quot;:{&quot;x&quot;:238,&quot;y&quot;:211}}',	'VHAMACBOWLEG',	1521568106),
(1,	15,	'{&quot;1&quot;:{&quot;x&quot;:495,&quot;y&quot;:101,&quot;zoom&quot;:2}}',	'VHAMACBOWLEG',	1521568108),
(26,	15,	'{&quot;1&quot;:{&quot;x&quot;:323,&quot;y&quot;:443}}',	'VHAMACBOWLEG',	1521568140),
(26,	2,	'GS',	'VHAMACBOWLEG',	1521568198),
(26,	13,	'343',	'VHAMACBOWLEG',	1521568204),
(26,	14,	'13',	'VHAMACBOWLEG',	1521568209),
(26,	11,	'1',	'VHAMACBOWLEG',	1521568216),
(26,	17,	'1',	'VHAMACBOWLEG',	1521568222),
(26,	19,	'1',	'VHAMACBOWLEG',	1521568227),
(26,	12,	'Money Bags',	'VHAMACBOWLEG',	1521568256),
(26,	17,	'0',	'VHAMACBOWLEG',	1521568287),
(26,	9,	'LEAF 1234 VACANT',	'VHAMACBOWLEG',	1521568321),
(26,	11,	'.85',	'VHAMACBOWLEG',	1521568429),
(26,	17,	'0.85',	'VHAMACBOWLEG',	1521568732),
(26,	17,	'0',	'VHAMACBOWLEG',	1521568738),
(26,	15,	'{&quot;24&quot;:{&quot;x&quot;:408,&quot;y&quot;:447},&quot;1&quot;:{&quot;x&quot;:323,&quot;y&quot;:443}}',	'VHAMACBOWLEG',	1521568775),
(25,	15,	'{&quot;24&quot;:{&quot;x&quot;:49,&quot;y&quot;:145},&quot;1&quot;:{&quot;x&quot;:206,&quot;y&quot;:363}}',	'VHAMACBOWLEG',	1521568778),
(26,	15,	'{&quot;24&quot;:{&quot;x&quot;:49,&quot;y&quot;:176},&quot;1&quot;:{&quot;x&quot;:323,&quot;y&quot;:443}}',	'VHAMACBOWLEG',	1521568780),
(26,	15,	'{&quot;24&quot;:{&quot;x&quot;:390,&quot;y&quot;:434},&quot;1&quot;:{&quot;x&quot;:323,&quot;y&quot;:443}}',	'VHAMACBOWLEG',	1521568791),
(25,	15,	'{&quot;24&quot;:{&quot;x&quot;:353,&quot;y&quot;:360},&quot;1&quot;:{&quot;x&quot;:206,&quot;y&quot;:363}}',	'VHAMACBOWLEG',	1521568794),
(24,	15,	'{&quot;24&quot;:{&quot;x&quot;:363,&quot;y&quot;:263},&quot;1&quot;:{&quot;x&quot;:212,&quot;y&quot;:304}}',	'VHAMACBOWLEG',	1521568796),
(26,	15,	'{&quot;24&quot;:{&quot;x&quot;:343,&quot;y&quot;:433},&quot;1&quot;:{&quot;x&quot;:323,&quot;y&quot;:443}}',	'VHAMACBOWLEG',	1521568798),
(24,	15,	'{&quot;24&quot;:{&quot;x&quot;:350,&quot;y&quot;:275},&quot;1&quot;:{&quot;x&quot;:212,&quot;y&quot;:304}}',	'VHAMACBOWLEG',	1521568799),
(27,	15,	'{&quot;24&quot;:{&quot;x&quot;:595,&quot;y&quot;:429}}',	'VHAMACBOWLEG',	1521568820),
(27,	2,	'GS',	'VHAMACBOWLEG',	1521568846),
(27,	13,	'343',	'VHAMACBOWLEG',	1521568854),
(27,	14,	'09',	'VHAMACBOWLEG',	1521568858),
(27,	11,	'1',	'VHAMACBOWLEG',	1521568864),
(27,	17,	'1',	'VHAMACBOWLEG',	1521568868),
(27,	19,	'1',	'VHAMACBOWLEG',	1521568874),
(27,	15,	'{&quot;25&quot;:{&quot;x&quot;:594,&quot;y&quot;:322},&quot;24&quot;:{&quot;x&quot;:595,&quot;y&quot;:429}}',	'VHAMACBOWLEG',	1521568984),
(26,	15,	'{&quot;25&quot;:{&quot;x&quot;:346,&quot;y&quot;:325},&quot;24&quot;:{&quot;x&quot;:343,&quot;y&quot;:433},&quot;1&quot;:{&quot;x&quot;:323,&quot;y&quot;:443}}',	'VHAMACBOWLEG',	1521568986),
(27,	15,	'{&quot;25&quot;:{&quot;x&quot;:554,&quot;y&quot;:330},&quot;24&quot;:{&quot;x&quot;:595,&quot;y&quot;:429}}',	'VHAMACBOWLEG',	1521568988),
(25,	15,	'{&quot;25&quot;:{&quot;x&quot;:452,&quot;y&quot;:158},&quot;24&quot;:{&quot;x&quot;:353,&quot;y&quot;:360},&quot;1&quot;:{&quot;x&quot;:206,&quot;y&quot;:363}}',	'VHAMACBOWLEG',	1521568990),
(24,	15,	'{&quot;24&quot;:{&quot;x&quot;:363,&quot;y&quot;:237},&quot;1&quot;:{&quot;x&quot;:212,&quot;y&quot;:304}}',	'VHAMACBOWLEG',	1521569004),
(27,	15,	'{&quot;1&quot;:{&quot;x&quot;:480,&quot;y&quot;:453},&quot;25&quot;:{&quot;x&quot;:554,&quot;y&quot;:330},&quot;24&quot;:{&quot;x&quot;:595,&quot;y&quot;:429}}',	'VHAMACBOWLEG',	1521569019),
(25,	15,	'{&quot;1&quot;:{&quot;x&quot;:205,&quot;y&quot;:389},&quot;25&quot;:{&quot;x&quot;:452,&quot;y&quot;:158},&quot;24&quot;:{&quot;x&quot;:353,&quot;y&quot;:360}}',	'VHAMACBOWLEG',	1521569020),
(26,	15,	'{&quot;1&quot;:{&quot;x&quot;:120,&quot;y&quot;:472},&quot;25&quot;:{&quot;x&quot;:346,&quot;y&quot;:325},&quot;24&quot;:{&quot;x&quot;:343,&quot;y&quot;:433}}',	'VHAMACBOWLEG',	1521569021),
(27,	15,	'{&quot;1&quot;:{&quot;x&quot;:286,&quot;y&quot;:486},&quot;25&quot;:{&quot;x&quot;:554,&quot;y&quot;:330},&quot;24&quot;:{&quot;x&quot;:595,&quot;y&quot;:429}}',	'VHAMACBOWLEG',	1521569023),
(25,	15,	'{&quot;1&quot;:{&quot;hideSubordinates&quot;:1,&quot;x&quot;:205,&quot;y&quot;:389},&quot;25&quot;:{&quot;x&quot;:452,&quot;y&quot;:158},&quot;24&quot;:{&quot;x&quot;:353,&quot;y&quot;:360}}',	'VHAMACBOWLEG',	1521569040),
(1,	2,	'GS',	'VHAPREHALLS',	1523554674),
(3,	15,	'{&quot;1&quot;:{&quot;x&quot;:794,&quot;y&quot;:457}}',	'VHAPREHALLS',	1523555088),
(11,	15,	'{&quot;1&quot;:{&quot;x&quot;:792,&quot;y&quot;:518}}',	'VHAPREHALLS',	1523555091),
(15,	15,	'{&quot;1&quot;:{&quot;x&quot;:785,&quot;y&quot;:572}}',	'VHAPREHALLS',	1523555094),
(30,	2,	'RN',	'VHAPREHALLS',	1523555765),
(30,	13,	'210',	'VHAPREHALLS',	1523555775),
(30,	14,	'3',	'VHAPREHALLS',	1523555784),
(30,	11,	'1',	'VHAPREHALLS',	1523555802),
(30,	17,	'1',	'VHAPREHALLS',	1523555816),
(30,	19,	'1',	'VHAPREHALLS',	1523555825),
(30,	17,	'.5',	'VHAPREHALLS',	1523555835),
(30,	15,	'{&quot;1&quot;:{&quot;x&quot;:1022,&quot;y&quot;:340}}',	'VHAPREHALLS',	1523555881),
(32,	15,	'{&quot;1&quot;:{&quot;x&quot;:424,&quot;y&quot;:400}}',	'VHAPREHALLS',	1523556274),
(31,	15,	'{&quot;1&quot;:{&quot;x&quot;:419,&quot;y&quot;:295}}',	'VHAPREHALLS',	1523556277),
(28,	15,	'{&quot;1&quot;:{&quot;x&quot;:389,&quot;y&quot;:199}}',	'VHAPREHALLS',	1523556281),
(31,	15,	'{&quot;1&quot;:{&quot;x&quot;:398,&quot;y&quot;:262}}',	'VHAPREHALLS',	1523556289),
(32,	15,	'{&quot;1&quot;:{&quot;x&quot;:411,&quot;y&quot;:340}}',	'VHAPREHALLS',	1523556293),
(34,	2,	'GS',	'VHAPREDILLIJ',	1525975601),
(34,	13,	'303',	'VHAPREDILLIJ',	1525975609),
(34,	14,	'17',	'VHAPREDILLIJ',	1525975680),
(29,	15,	'{&quot;1&quot;:{&quot;x&quot;:1199,&quot;y&quot;:405}}',	'VHAPREHALLS',	1528392784),
(37,	15,	'{&quot;1&quot;:{&quot;x&quot;:430,&quot;y&quot;:440}}',	'VHAPREHALLS',	1528394104),
(38,	15,	'{&quot;37&quot;:{&quot;x&quot;:17,&quot;y&quot;:293}}',	'VHAPREHALLS',	1528394175),
(39,	15,	'{&quot;37&quot;:{&quot;x&quot;:18,&quot;y&quot;:208}}',	'VHAPREHALLS',	1528394178),
(40,	15,	'{&quot;37&quot;:{&quot;x&quot;:312,&quot;y&quot;:215}}',	'VHAPREHALLS',	1528394194),
(37,	15,	'{&quot;1&quot;:{&quot;hideSubordinates&quot;:1,&quot;x&quot;:430,&quot;y&quot;:440}}',	'VHAMACBOWLEG',	1537810846),
(28,	15,	'{&quot;1&quot;:{&quot;hideSubordinates&quot;:1,&quot;x&quot;:389,&quot;y&quot;:199}}',	'VHAMACBOWLEG',	1537810865),
(37,	15,	'{&quot;37&quot;:{&quot;x&quot;:211.1999969482421875,&quot;y&quot;:108.79000091552734375},&quot;1&quot;:{&quot;hideSubordinates&quot;:1,&quot;x&quot;:430,&quot;y&quot;:440}}',	'VHAMACBOWLEG',	1537810891),
(40,	15,	'{&quot;37&quot;:{&quot;x&quot;:348,&quot;y&quot;:275.79998779296875}}',	'VHAMACBOWLEG',	1537810893),
(39,	15,	'{&quot;37&quot;:{&quot;x&quot;:100.40000152587890625,&quot;y&quot;:251.1899871826171875}}',	'VHAMACBOWLEG',	1537810896),
(38,	15,	'{&quot;37&quot;:{&quot;x&quot;:94.59999847412109375,&quot;y&quot;:362.600006103515625}}',	'VHAMACBOWLEG',	1537810898),
(39,	15,	'{&quot;37&quot;:{&quot;x&quot;:97.59999847412109375,&quot;y&quot;:274.199981689453125}}',	'VHAMACBOWLEG',	1537810899),
(40,	15,	'{&quot;37&quot;:{&quot;x&quot;:336.79998779296875,&quot;y&quot;:275.19000244140625}}',	'VHAMACBOWLEG',	1537810901),
(37,	15,	'{&quot;35&quot;:{&quot;x&quot;:284.790008544921875,&quot;y&quot;:113.589996337890625},&quot;37&quot;:{&quot;x&quot;:211.1999969482421875,&quot;y&quot;:108.79000091552734375},&quot;1&quot;:{&quot;hideSubordinates&quot;:1,&quot;x&quot;:430,&quot;y&quot;:440}}',	'VHAMACBOWLEG',	1537810916),
(35,	15,	'{&quot;35&quot;:{&quot;x&quot;:574.3900146484375,&quot;y&quot;:190.3199920654297}}',	'VHAMACBOWLEG',	1537810918),
(35,	15,	'{&quot;35&quot;:{&quot;x&quot;:581.19000244140625,&quot;y&quot;:206.519989013671875}}',	'VHAMACBOWLEG',	1537810920),
(35,	15,	'{&quot;35&quot;:{&quot;x&quot;:637.79998779296875,&quot;y&quot;:249.1199951171875}}',	'VHAMACBOWLEG',	1537810922),
(37,	15,	'{&quot;35&quot;:{&quot;x&quot;:215.399993896484375,&quot;y&quot;:133.989990234375},&quot;37&quot;:{&quot;x&quot;:211.1999969482421875,&quot;y&quot;:108.79000091552734375},&quot;1&quot;:{&quot;hideSubordinates&quot;:1,&quot;x&quot;:430,&quot;y&quot;:440}}',	'VHAMACBOWLEG',	1537810925),
(24,	15,	'{&quot;1&quot;:{&quot;hideSubordinates&quot;:1,&quot;x&quot;:212,&quot;y&quot;:304},&quot;24&quot;:{&quot;x&quot;:363,&quot;y&quot;:237}}',	'VHAMACBOWLEG',	1537810945),
(42,	15,	'{&quot;1&quot;:{&quot;x&quot;:952.3999633789062,&quot;y&quot;:520.2000122070312}}',	'VHAMACBOWLEG',	1537811585),
(3,	15,	'{&quot;1&quot;:{&quot;x&quot;:872.38995361328125,&quot;y&quot;:459.389984130859375}}',	'VHAMACBOWLEG',	1537811587),
(15,	15,	'{&quot;1&quot;:{&quot;x&quot;:795.39996337890625,&quot;y&quot;:572}}',	'VHAMACBOWLEG',	1537811589),
(42,	15,	'{&quot;1&quot;:{&quot;x&quot;:960.79998779296875,&quot;y&quot;:520}}',	'VHAMACBOWLEG',	1537811591),
(42,	2,	'GS',	'VHAMACBOWLEG',	1537811716),
(42,	13,	'341',	'VHAMACBOWLEG',	1537811732),
(42,	14,	'13',	'VHAMACBOWLEG',	1537811743),
(42,	11,	'0.85',	'VHAMACBOWLEG',	1537811752),
(42,	17,	'0.85',	'VHAMACBOWLEG',	1537811757),
(42,	19,	'1',	'VHAMACBOWLEG',	1537811765),
(42,	12,	'HHS',	'VHAMACBOWLEG',	1537811778),
(42,	26,	'91236549',	'VHAMACBOWLEG',	1537811881),
(42,	15,	'{&quot;3&quot;:{&quot;x&quot;:44.799999237060546875,&quot;y&quot;:364.79998779296875},&quot;1&quot;:{&quot;x&quot;:960.79998779296875,&quot;y&quot;:520}}',	'VHAMACBOWLEG',	1537811916),
(15,	15,	'{&quot;3&quot;:{&quot;x&quot;:269.600006103515625,&quot;y&quot;:375.19000244140625},&quot;1&quot;:{&quot;x&quot;:795.39996337890625,&quot;y&quot;:572}}',	'VHAMACBOWLEG',	1537811920),
(11,	15,	'{&quot;3&quot;:{&quot;x&quot;:46.399997711181640625,&quot;y&quot;:197.589996337890625},&quot;1&quot;:{&quot;x&quot;:792,&quot;y&quot;:518}}',	'VHAMACBOWLEG',	1537811921),
(3,	15,	'{&quot;3&quot;:{&quot;x&quot;:216.7899932861328125,&quot;y&quot;:113.589996337890625},&quot;1&quot;:{&quot;x&quot;:872.38995361328125,&quot;y&quot;:459.389984130859375}}',	'VHAMACBOWLEG',	1537811924),
(11,	15,	'{&quot;3&quot;:{&quot;x&quot;:48.3899993896484375,&quot;y&quot;:299.600006103515625},&quot;1&quot;:{&quot;x&quot;:792,&quot;y&quot;:518}}',	'VHAMACBOWLEG',	1537811926),
(15,	15,	'{&quot;3&quot;:{&quot;x&quot;:272.389984130859375,&quot;y&quot;:303},&quot;1&quot;:{&quot;x&quot;:795.39996337890625,&quot;y&quot;:572}}',	'VHAMACBOWLEG',	1537811929),
(3,	15,	'{&quot;3&quot;:{&quot;x&quot;:167.3899993896484375,&quot;y&quot;:115.59999847412109375},&quot;1&quot;:{&quot;x&quot;:872.38995361328125,&quot;y&quot;:459.389984130859375}}',	'VHAMACBOWLEG',	1537811932),
(37,	15,	'{&quot;1&quot;:{&quot;hideSubordinates&quot;:0,&quot;x&quot;:430,&quot;y&quot;:440},&quot;35&quot;:{&quot;x&quot;:215.399993896484375,&quot;y&quot;:133.989990234375},&quot;37&quot;:{&quot;x&quot;:211.1999969482421875,&quot;y&quot;:108.79000091552734375}}',	'VHABOIAnderK',	1539108689),
(43,	15,	'{&quot;24&quot;:{&quot;x&quot;:20,&quot;y&quot;:240}}',	'VHABOIAnderK',	1539108811),
(43,	15,	'{&quot;24&quot;:{&quot;x&quot;:20,&quot;y&quot;:239.3199920654296875}}',	'VHABOIAnderK',	1539108822),
(24,	15,	'{&quot;1&quot;:{&quot;x&quot;:617,&quot;y&quot;:427,&quot;hideSubordinates&quot;:1},&quot;24&quot;:{&quot;x&quot;:363,&quot;y&quot;:237}}',	'VHAPREHALLS',	1544642387),
(36,	15,	'{&quot;1&quot;:{&quot;x&quot;:60,&quot;y&quot;:208}}',	'vhawasgaom1',	1582657554);

DROP TABLE IF EXISTS `position_privileges`;
CREATE TABLE `position_privileges` (
  `positionID` smallint(5) unsigned NOT NULL,
  `categoryID` enum('employee','position','group') NOT NULL,
  `UID` mediumint(8) unsigned NOT NULL,
  `read` tinyint(1) NOT NULL DEFAULT '0',
  `write` tinyint(1) NOT NULL DEFAULT '0',
  `grant` tinyint(1) NOT NULL DEFAULT '0',
  UNIQUE KEY `positionID` (`positionID`,`categoryID`,`UID`)
) ENGINE=InnoDB DEFAULT CHARSET=utf8;


DROP TABLE IF EXISTS `position_tags`;
CREATE TABLE `position_tags` (
  `positionID` smallint(6) NOT NULL,
  `tag` varchar(100) NOT NULL,
  UNIQUE KEY `positionID` (`positionID`,`tag`),
  KEY `tag` (`tag`)
) ENGINE=InnoDB DEFAULT CHARSET=utf8;


DROP TABLE IF EXISTS `relation_employee_backup`;
CREATE TABLE `relation_employee_backup` (
  `empUID` mediumint(8) unsigned NOT NULL,
  `backupEmpUID` mediumint(8) unsigned NOT NULL,
  `approved` tinyint(4) NOT NULL DEFAULT '0',
  `approverUserName` varchar(30) DEFAULT NULL,
  UNIQUE KEY `empUID` (`empUID`,`backupEmpUID`)
) ENGINE=InnoDB DEFAULT CHARSET=utf8;

INSERT INTO `relation_employee_backup` (`empUID`, `backupEmpUID`, `approved`, `approverUserName`) VALUES
(1,	39,	1,	'vhawasgaom1'),
(56,	39,	1,	'VHAPREHALLS'),
(56,	42,	1,	'vacomaklec'),
(68,	69,	1,	'VHAPREHALLS'),
(98,	39,	1,	'VHAPREHALLS'),
(133,	39,	1,	'vacocastlc');

DROP TABLE IF EXISTS `relation_group_employee`;
CREATE TABLE `relation_group_employee` (
  `groupID` smallint(6) unsigned NOT NULL,
  `empUID` mediumint(8) unsigned NOT NULL,
  UNIQUE KEY `groupID_2` (`groupID`,`empUID`),
  KEY `groupID` (`groupID`),
  KEY `empUID` (`empUID`)
) ENGINE=InnoDB DEFAULT CHARSET=utf8;

INSERT INTO `relation_group_employee` (`groupID`, `empUID`) VALUES
(1,	1),
(1,	2),
(1,	4),
(1,	5),
(1,	15),
(1,	39),
(1,	42),
(1,	56),
(1,	61),
(1,	116),
(1,	133),
(1,	142),
(1,	147),
(1,	148),
(1,	149),
(1,	150),
(1,	166),
(1,	176),
(1,	179),
(1,	180),
(1,	196),
(1,	205),
(1,	218),
(1,	235),
(32,	5),
(32,	39),
(53,	91),
(54,	39),
(55,	39),
(56,	39),
(57,	39),
(87,	39),
(87,	56),
(88,	39),
(97,	39),
(97,	133),
(97,	144),
(97,	156),
(97,	160),
(97,	161),
(106,	133),
(107,	206),
(108,	207),
(109,	208),
(110,	208),
(111,	208),
(112,	61),
(113,	223),
(119,	222),
(120,	221);

DROP TABLE IF EXISTS `relation_group_position`;
CREATE TABLE `relation_group_position` (
  `groupID` smallint(6) unsigned NOT NULL,
  `positionID` smallint(6) unsigned NOT NULL,
  UNIQUE KEY `groupID_2` (`groupID`,`positionID`),
  KEY `groupID` (`groupID`),
  KEY `positionID` (`positionID`)
) ENGINE=InnoDB DEFAULT CHARSET=utf8;

INSERT INTO `relation_group_position` (`groupID`, `positionID`) VALUES
(14,	3),
(15,	4),
(26,	6),
(27,	7),
(28,	8),
(29,	9),
(30,	10),
(33,	11),
(35,	13),
(36,	14),
(67,	21),
(68,	22),
(74,	24),
(75,	25),
(79,	28),
(80,	29),
(81,	31),
(82,	32),
(86,	33),
(90,	35),
(91,	36),
(92,	37),
(102,	41),
(103,	43);

DROP TABLE IF EXISTS `relation_position_employee`;
CREATE TABLE `relation_position_employee` (
  `positionID` smallint(6) unsigned NOT NULL,
  `empUID` mediumint(8) unsigned NOT NULL,
  `isActing` tinyint(4) NOT NULL DEFAULT '0',
  UNIQUE KEY `positionID_2` (`positionID`,`empUID`),
  KEY `positionID` (`positionID`),
  KEY `empUID` (`empUID`)
) ENGINE=InnoDB DEFAULT CHARSET=utf8;

INSERT INTO `relation_position_employee` (`positionID`, `empUID`, `isActing`) VALUES
(2,	5,	0),
(3,	4,	0),
(4,	1,	1),
(5,	39,	0),
(6,	56,	0),
(7,	67,	0),
(8,	68,	1),
(9,	70,	0),
(10,	71,	0),
(11,	4,	0),
(12,	77,	0),
(13,	4,	1),
(14,	99,	0),
(15,	27,	0),
(17,	91,	0),
(20,	95,	1),
(21,	39,	0),
(22,	97,	0),
(23,	98,	0),
(24,	42,	0),
(25,	108,	0),
(26,	109,	1),
(27,	109,	0),
(28,	117,	0),
(29,	56,	0),
(30,	1,	0),
(31,	39,	0),
(32,	39,	0),
(33,	116,	1),
(34,	129,	0),
(35,	132,	0),
(36,	39,	1),
(37,	56,	0),
(40,	4,	0),
(41,	109,	0),
(42,	168,	0),
(43,	180,	1),
(44,	184,	1),
(45,	185,	0);

DROP TABLE IF EXISTS `sessions`;
CREATE TABLE `sessions` (
  `sessionKey` varchar(40) NOT NULL,
  `variableKey` varchar(40) NOT NULL DEFAULT '',
  `data` text NOT NULL,
  `lastModified` int(10) unsigned NOT NULL,
  UNIQUE KEY `sessionKey` (`sessionKey`,`variableKey`)
) ENGINE=InnoDB DEFAULT CHARSET=latin1;

INSERT INTO `sessions` (`sessionKey`, `variableKey`, `data`, `lastModified`) VALUES
('04c4e2cb28577af0a47a3fc3014eb043',	'',	'',	1545159165),
('054756384239d6ff6b0c94b917069f86',	'',	'userID|s:6:\"SYSTEM\";name|s:13:\"Guest: SYSTEM\";CSRFToken|s:64:\"5ddf7f98cffb93078050f06a45624f16d1c8821c001fb146fb0010acef9d89cc\";',	1556832731),
('0887cbf4791b5fed60e263ab02a40b24',	'',	'userID|s:11:\"vhawasgaom1\";name|s:11:\"Michael Gao\";CSRFToken|s:64:\"3ba82eced14e5fec171a8e0efd45928f818ed65d6ee9152c84937fda2a73a090\";',	1545059933),
('180abaa718910790f377e4f93052e415',	'',	'userID|s:11:\"vhawasgaom1\";name|s:11:\"Michael Gao\";CSRFToken|s:64:\"387ed9ef9dff72f6b3f7a0fcc7f656cd93509d8a873f05584f6293d865b55560\";',	1547221904),
('1834159781d285844105a631ca2686ab',	'',	'userID|s:11:\"vhawasgaom1\";name|s:11:\"Michael Gao\";CSRFToken|s:64:\"91b3fb2d68a797cb46035a78c1aa74fa7010e859366fc17cfebb9cff92f54e82\";',	1543952219),
('255abdafea7a2e0ca304cfb2fb8bb88f',	'',	'',	1547143811),
('290ca08b367d94481860c49b03624c85',	'',	'',	1543503242),
('2d2cafa1db738f1ed0beb462ae985397',	'',	'userID|s:10:\"vacoRahimD\";name|s:13:\"Dastan Rahimi\";CSRFToken|s:64:\"bf6d1110fd9c41431f6c2d9092ffdbf174bd4b0840d7671135365281baf68a6c\";',	1544559135),
('2e51adb581d7af07bd719ed7e6031fb7',	'',	'',	1543519080),
('35a0673de9941a36cba8ae1b33731edd',	'',	'',	1542721772),
('3700a97c277160762c0c1d306ce5110f',	'',	'',	1545161809),
('39169745854b4d8c4c1249ba9bb79c26',	'',	'',	1545159100),
('3938f426b4734c5b77b74528ba3e4953',	'',	'userID|s:6:\"SYSTEM\";name|s:13:\"Guest: SYSTEM\";CSRFToken|s:40:\"a4ce0af22960125825d3c9bd963df27478d4ff96\";',	1543369047),
('3938fe4b148b02b8446034550ae62c37',	'',	'',	1543507423),
('3c274a72a4031fcf8808f36f89ce11de',	'',	'userID|s:11:\"vhawasgaom1\";name|s:11:\"Michael Gao\";CSRFToken|s:64:\"97ebc58216b76079ad0af7212fa082a07803f3bc0d481bbb8397c249face4c27\";',	1545159103),
('3cf020dea7f947002b59e01656bb66d2',	'',	'userID|s:11:\"vhawasgaom1\";name|s:11:\"Michael Gao\";CSRFToken|s:64:\"ab45ae85904dbdcb9c5064df37dc1e7e8a2b0cd5e0a8461c0e184ba9bf1a9319\";',	1544825763),
('3f60bdfae540071960fb69bb0c732763',	'',	'userID|s:12:\"VHAMACBOWLEG\";name|s:13:\"Ginger Bowles\";CSRFToken|s:64:\"e0465c4c548ce36d041d88ed8d7911bb603a02e4e041d871d7386d5ba67f798f\";',	1544115659),
('4609b3b2d0cf1fbdfa8e93aca0ca209f',	'',	'',	1544559413),
('476b98194010912d268d494195bb45cc',	'',	'',	1543503576),
('477594d69964702ff939b40159177659',	'',	'',	1544112342),
('483a95b19b5a38953163a1c284611ffe',	'',	'userID|s:10:\"vacocastlc\";name|s:14:\"Crystal Castle\";CSRFToken|s:64:\"b1b9ba747d4cc68e07e9c202c1c0f9e6af0c5621acc8784822c3d8bd31639206\";',	1544552266),
('484c591a3c99dc991c6e0c36b6f70b12',	'',	'',	1544545185),
('4a48be931d2e5db6ec924d590ca48f91',	'',	'userID|s:10:\"vacocastlc\";name|s:14:\"Crystal Castle\";CSRFToken|s:64:\"a3b29f8c0961cfc062dff1e9463aa1a0c367f0ab885c783fcefd24038fe9d489\";',	1543353699),
('4c0b4245ca3204ea7e8ec04969a1de0a',	'',	'userID|s:11:\"vhawasgaom1\";name|s:11:\"Michael Gao\";CSRFToken|s:64:\"ceadbced0bbd1e55e72a2617046dfa8bbbd0674f7dca676bcf2517acfcc66f5e\";',	1543951161),
('4c5b9445d64a066f9a70d0fb14bb8532',	'',	'userID|s:6:\"SYSTEM\";name|s:13:\"Guest: SYSTEM\";CSRFToken|s:64:\"39bfbb23a77c1fff7f787bb564d4aced28b4a08f5cb1e459fcf5d830a63d5dfe\";',	1552531069),
('4d850d98a8836b8a89aedc4194ee8791',	'',	'',	1545144245),
('4fb0c9d0bff8540db17c35008217650f',	'',	'userID|s:10:\"vacoRahimD\";name|s:13:\"Dastan Rahimi\";CSRFToken|s:40:\"df74c7536f9b0be7021bd5726270de59a06842e2\";',	1545247759),
('51dec67e4eb94073d1464f63cedd4453',	'',	'userID|s:6:\"SYSTEM\";name|s:13:\"Guest: SYSTEM\";CSRFToken|s:40:\"388571b85af20228ba73276fcde50da78d806439\";',	1544581966),
('53457eb89be8ac301c70ad3db0df422c',	'',	'userID|s:12:\"VHACTXArgueF\";name|s:14:\"Fredy Arguello\";CSRFToken|s:64:\"b558a245df4ff7a089719ea3abf124272d03f72cc1675e950a449a9f9289702e\";',	1543519112),
('53e9883b06234528da5fc4e7b3c85a0f',	'',	'userID|s:12:\"VHACTXArgueF\";name|s:14:\"Fredy Arguello\";CSRFToken|s:64:\"8ead6a69db650949aff4633e542dfb11df87942681201ac819973aa9704bed2a\";',	1551298769),
('57ab8ef8ac2d890648a4dbf705c53c95',	'',	'userID|s:10:\"vacoRahimD\";name|s:13:\"Dastan Rahimi\";CSRFToken|s:64:\"7bb2aeeddfc3e83d6434af89842356d8584b3ab46b0a96ea6b317351733d5e3a\";',	1545161895),
('57bff4173643ba6f0a70e474979fad10',	'',	'',	1543437273),
('5937542c142ed46b20ccd314305cc885',	'',	'userID|s:11:\"vhawasgaom1\";name|s:11:\"Michael Gao\";CSRFToken|s:64:\"d263016fb58bf382bef15e8860596b1245e80af87ecdec6c05355c9d367fa7e7\";',	1545239785),
('5fd6db33667456b34ee1c67171920897',	'',	'',	1543952205),
('63447c19b999d0400037750d07ecc35c',	'',	'',	1546618798),
('65076954c9fce70d27b5f70c5917b159',	'',	'userID|s:11:\"vhawasgaom1\";name|s:11:\"Michael Gao\";CSRFToken|s:64:\"dddbe2c7ee6834d2dbdfcfd4bbc719f50612d7415b6de8027ad8a76bc6ae8c6d\";',	1551909555),
('67d286d0bcea7b8defe3dc3afc0d194f',	'',	'userID|s:6:\"SYSTEM\";name|s:13:\"Guest: SYSTEM\";CSRFToken|s:64:\"610ad37aca2bfb99d71225193a0e89da6b490f35c28d0455d46c4ae7fa08f3ca\";',	1551128093),
('6b935c3325b024d1e41955795edc34d9',	'',	'userID|s:11:\"vhawasgaom1\";name|s:11:\"Michael Gao\";CSRFToken|s:64:\"5829dabd715ee04d4e2e7a0c31836a3107cda27032b5ca55a14bbcccd0997c6e\";',	1544562608),
('6ca216749d66a349776aabfd1532fbaf',	'',	'userID|s:11:\"vhawasgaom1\";name|s:11:\"Michael Gao\";CSRFToken|s:64:\"6811b85261b7923cb6e1c98ecb637d307bbe7fdd645da51dd7108c48f80f3ad5\";',	1543437847),
('708e1c54fb969ac45b21dccff3605453',	'',	'',	1544648448),
('769ed8449968653707e34c9466485e41',	'',	'',	1543259182),
('7f240f61e22480e6ac337ce3ea1fb28d',	'',	'',	1544545185),
('8ab67347659ea04163cbde8cf89a4c5d',	'',	'userID|s:12:\"VHAPORWEASTE\";name|s:12:\"Eugene Weast\";CSRFToken|s:64:\"c1b49894539a23cb10e8cd5bdd9561f368a7c7422d3481dbf3b24549be4167fc\";',	1543586565),
('8e977b48248aff41c191df97115f3d79',	'',	'',	1544555233),
('8edc0eb449288876b00e837335b8d16a',	'',	'',	1543586623),
('908d03011e8758bec3521ade71033727',	'',	'',	1543503291),
('90f8d91e2746b936948664dc27787ac9',	'',	'userID|s:11:\"vhawasgaom1\";name|s:11:\"Michael Gao\";CSRFToken|s:40:\"8130e01dd99bd94a550d85652b372e9eafd0f0ae\";',	1545316867),
('9486e71dd5d124a5e7abdce75a25b3f6',	'',	'userID|s:10:\"vacoRahimD\";name|s:13:\"Dastan Rahimi\";CSRFToken|s:64:\"f784c6ad77d8bcad58e091d08d58a550bbab94640127c85b96ba5e9d3cee4dac\";',	1544554009),
('981b744adc545bcffe54aa5f921e50a4',	'',	'',	1542647042),
('9d0d5886aad874fa0ba8ac583aa955c3',	'',	'userID|s:11:\"vhawasgaom1\";name|s:11:\"Michael Gao\";CSRFToken|s:64:\"85a66953d3fe6dc290b16891c95ff8566784cba79b0f6814c405144434f9c279\";',	1543590354),
('9ed8a34a9e7dea8500939bb66fe89c0f',	'',	'userID|s:12:\"VHACTXArgueF\";name|s:14:\"Fredy Arguello\";CSRFToken|s:64:\"cfe944e4f866922c93e5032f3e8797791ab1e3485ff341003151d60d8a0b9df1\";',	1543503784),
('a02dcc3a6405f3178b9ad3916ce02911',	'',	'',	1545250248),
('a28858d43909529b28cd83fe9f9372d4',	'',	'userID|s:10:\"vacoRahimD\";name|s:13:\"Dastan Rahimi\";CSRFToken|s:64:\"a113f5d7d88b43eb18a89b44a5f22db2ac4487f0ecb646582fc1aeaee1c7e3de\";',	1544559423),
('a4332f74ce55df1de1770e4b32d6c2ad',	'',	'userID|s:11:\"vhawasgaom1\";name|s:11:\"Michael Gao\";CSRFToken|s:64:\"b7be5ce5b5a19fbbf80c604b0fbbbfea2d90cc85eda74dbc0ea030a3840d748c\";',	1547221898),
('a512473f16dfe018c9c9e3cdd53553d1',	'',	'',	1545161818),
('a7a7424fe7f0747e21357a8176f11301',	'',	'userID|s:6:\"SYSTEM\";name|s:13:\"Guest: SYSTEM\";CSRFToken|s:64:\"d9389fe7125a961bea9ed0fe2f1d974f2fe64c7f44de2288813435193e355792\";',	1550868752),
('ac8d12ff0d96bb2d357b5227ef7f5183',	'',	'',	1543502023),
('af03895a7856c3bc7d9293a4e4b863c4',	'',	'userID|s:10:\"vacoRahimD\";name|s:13:\"Dastan Rahimi\";CSRFToken|s:64:\"b50a46e5c330948f11bcce5d23c6b1f876e4312d366cf235ce046ab0d2d55f08\";',	1544555675),
('b003a327c16901aba448050ea40c2fa7',	'',	'',	1545161819),
('b004cd43e0b85d5eb0fd687e1ba7528d',	'',	'',	1543501677),
('b2938d21b46525b9eac1aaced703ed81',	'',	'',	1542647139),
('b4e3c8fd1e2d561eb1b6c1eb1c2bf8f0',	'',	'userID|s:10:\"vacoRahimD\";name|s:13:\"Dastan Rahimi\";CSRFToken|s:64:\"e92d9c6554f8280077e3cf5f6273dd15e85ea627c96a09d7de937acf18eb4929\";',	1545162136),
('b8f1a1b08911ef6688f1011bd792a4fb',	'',	'',	1545053492),
('ba3a97c6cdf3cc3374a38a0ecc98c71e',	'',	'',	1543784846),
('ba94cb119186bfcc2dca2f565eb9d76b',	'',	'',	1544545660),
('bc5f44e8431abddea2ef59a4edf4f522',	'',	'userID|s:11:\"vhawasgaom1\";name|s:11:\"Michael Gao\";CSRFToken|s:64:\"f95e3d24b7f49e806fe2a0fdc3a9e897d97c76247df5e5bcc0dec91e7fd662ad\";',	1547221971),
('bf3ee81730e9ac50b2e32a48ecd72e86',	'',	'userID|s:11:\"VHAPREHALLS\";name|s:10:\"Susan Hall\";CSRFToken|s:64:\"07f18702fa5583f7c9f395aa9bf76b0d102931693b58bf613e18bb32c77b5151\";',	1545080495),
('c035258530d245b2f92dba1a47c8988c',	'',	'userID|s:11:\"vhawasgaom1\";name|s:11:\"Michael Gao\";CSRFToken|s:64:\"ca2187dc6d371f1f57195f997b6b323be4069be631b8222b352f35beede52b74\";',	1544211853),
('c522119ae63bbca4aac656db48fd9705',	'',	'userID|s:11:\"VHASDCPHANK\";name|s:13:\"Kim-Hanh Phan\";CSRFToken|s:64:\"b93a83110bc884f5c0ce658e4994397fd520beab11e163687d5b4f5e7dcf02cc\";',	1543519316),
('c61401276ed4bbd1682cba5362bf5bbc',	'',	'userID|s:10:\"vacoRahimD\";name|s:13:\"Dastan Rahimi\";CSRFToken|s:64:\"ccce6e02791e607d48829d2f89016d4ce8a6220f8c3b03d24affcae88675b1e3\";',	1544122176),
('c7a2248addbd3713eb768c0098654e3f',	'',	'',	1544112833),
('c7e085428732e788b7cfea323a26f592',	'',	'userID|s:11:\"vhawasgaom1\";name|s:11:\"Michael Gao\";CSRFToken|s:40:\"229d22b0d5f754839edea212539c1c6915e9475b\";',	1545235193),
('c917bcf148d02e16d9fe5171da8ad355',	'',	'userID|s:12:\"vhaphiKolosS\";name|s:13:\"Stephen Kolos\";CSRFToken|s:64:\"ba3bcabf10a221a77a99e4f182bb6e2de3305fa7ea5e41d98a246403e6a64b0e\";',	1542727687),
('cb6d86bf6effd3214f23a90c9d39d6cc',	'',	'',	1544545115),
('cd6612bf474ccbe5077902418fb72f06',	'',	'',	1543519103),
('d01d8ac7996e1eeae30cbbe8414ab3cb',	'',	'',	1545162127),
('d3546fa724b5ae459521c1f4cf30080a',	'',	'',	1544559029),
('d5a26ebd734c1caa0264d075b50c06d9',	'',	'',	1542646919),
('d9b9f37709b12bf9efa7a2f356c2bd44',	'',	'',	1544555261),
('dc7d3ca967b8d570ad6991fa9de0b2c5',	'',	'',	1542722013),
('dd44d2ef71b918a5789ffa25b13129d8',	'',	'',	1545161821),
('e091a2181b48517a4d0382ff03320e1b',	'',	'userID|s:11:\"vhawasgaom1\";name|s:11:\"Michael Gao\";CSRFToken|s:64:\"544485b08dc5989447623382c0b3c614a85f429a2fdf21ad48c78f636defcee6\";',	1551909500),
('e215043888a69befb11854ce3d0b3f7a',	'',	'',	1544122173),
('e42760d3b31549861da979e7060fabcc',	'',	'',	1543501852),
('e50476e90fd98435d4a4388abac11ec3',	'',	'',	1543586281),
('ea75b2aad06c7ab7edc1b77d96e785a2',	'',	'userID|s:10:\"vacocastlc\";name|s:14:\"Crystal Castle\";CSRFToken|s:64:\"d379ae63175d7c8b19c5b769195b79294b263c144de8aa389521888382f12d5f\";',	1545239779),
('f46b31f9d1d9d277b5dc160d5034967e',	'',	'userID|s:10:\"vacoRahimD\";name|s:13:\"Dastan Rahimi\";CSRFToken|s:64:\"c0618ec408ca10cc76cc5cfd22d061f52eec2cf10ba0e84a13d6394fd78897da\";',	1544112369),
('f57455fdd96080276320d3034988a931',	'',	'userID|s:11:\"VHAV17PageG\";name|s:11:\"George Page\";CSRFToken|s:64:\"8b46ca7c96e21ecc7b2ac572a96ba40deb73bae5d440669ae7fff83cdc2c3f33\";',	1543874406),
('f773f3fcadd9bdbe37ef46df9758a298',	'',	'userID|s:11:\"vhawasgaom1\";name|s:11:\"Michael Gao\";CSRFToken|s:64:\"e0dfabb4ffa1224b6238ac05a939efd6795309b87894f29300d79fc7c7e33b0c\";',	1551218450),
('f9c577547d643facf4d7cc0f980a0721',	'',	'userID|s:10:\"vacoRahimD\";name|s:13:\"Dastan Rahimi\";CSRFToken|s:64:\"7cc73c7fdbcd706fd05659e4d4da183fcf7a60de4b8533480b5458d290078555\";',	1544112842),
('fc40cbe07ba9217f022ec037a3cca370',	'',	'',	1543926343),
('fd3574ce068040541942f0e46b0aa94a',	'',	'',	1544552874);

DROP TABLE IF EXISTS `settings`;
CREATE TABLE `settings` (
  `setting` varchar(30) NOT NULL,
  `data` varchar(50) NOT NULL,
  PRIMARY KEY (`setting`)
) ENGINE=InnoDB DEFAULT CHARSET=utf8;

INSERT INTO `settings` (`setting`, `data`) VALUES
('dbversion',	'202062600'),
('heading',	'LEAF Demo Organizational Chart'),
('salt',	'0.458632366227575'),
('subheading',	'test'),
('timeZone',	'America/New_York'),
('version',	'PUBLIC');

DROP TABLE IF EXISTS `tag_hierarchy`;
CREATE TABLE `tag_hierarchy` (
  `tag` varchar(100) NOT NULL,
  `parentTag` varchar(100) DEFAULT NULL,
  PRIMARY KEY (`tag`),
  KEY `parentTag` (`parentTag`)
) ENGINE=InnoDB DEFAULT CHARSET=utf8;

INSERT INTO `tag_hierarchy` (`tag`, `parentTag`) VALUES
('pentad',	NULL),
('service',	'pentad');

-- 2021-02-05 18:25:23
